Component_ID,RA,DEC,ASKAP_flux,ASKAP_flux_SNR,RA_comp,DEC_comp,Comp_flux,Flux_Ratio_AlphaCorr,Flux_Ratio_NOAlphaCorr
SB74533_component_10a,79.896673,-34.588744,534.4840087890625,1281.7362060546875,79.89654166666665,-34.588249999999995,537.1,1.0369365753509532,0.9951294149861525
SB74533_component_12a,74.586551,-31.655946,488.2650146484375,1580.145751953125,74.58629166666665,-31.65594444444444,492.3,1.03347125362459,0.9918038079391377
SB74533_component_19a,77.772339,-30.856747,381.2699890136719,1444.2044677734375,77.77174999999998,-30.856861111111108,386.1,1.028976484843553,0.9874902590356691
SB74533_component_20a,75.27867,-30.794118,394.9490051269531,1352.5650634765625,75.27854166666665,-30.794055555555552,415.8,0.9897583375630348,0.9498533071836294
SB74533_component_27a,74.366131,-34.555741,322.02301025390625,594.138427734375,74.36595833333332,-34.55541666666666,317.8,1.0558583098282814,1.0132882638574772
SB74533_component_29a,77.692905,-31.715343,303.41900634765625,1223.4637451171875,77.69258333333332,-31.715638888888886,99.9,3.1648266225700437,3.0372272907673294
SB74533_component_36a,75.514378,-34.144337,242.61300659179688,782.6226196289062,75.51441666666666,-34.14397222222222,243.5,1.0382160632988175,0.9963573165987551
SB74533_component_38a,80.206454,-34.540861,236.11500549316406,614.8828125,80.20599999999999,-34.540416666666665,231.5,1.0627845257319404,1.0199352289121557
SB74533_component_50a,78.720767,-30.278486,194.90899658203125,847.430419921875,78.72025,-30.27747222222222,205.4,0.9887900239487385,0.9489240339923625
SB74533_component_55a,76.93497,-35.125219,200.3560028076172,321.59869384765625,76.93512499999999,-35.12499999999999,169.0,1.2353450626302587,1.185538478151581
SB74533_component_63a,74.230893,-31.17751,172.0659942626953,682.8015747070312,74.23083333333332,-31.17761111111111,156.5,1.145653631685047,1.0994632221258487
SB74533_component_65a,74.204012,-31.71017,184.1510009765625,700.1939086914062,74.203875,-31.709861111111106,178.2,1.076809835824928,1.033395067208544
SB74533_component_67a,81.447349,-34.420157,171.5489959716797,311.3411865234375,81.44724999999998,-34.41974999999999,170.3,1.0496539932356497,1.007334092611155
SB74533_component_72a,78.82846,-34.170108,169.5030059814453,632.473876953125,78.82845833333333,-34.169777777777774,167.0,1.0576295171957704,1.0149880597691336
SB74533_component_73a,80.925713,-31.915523,161.677001953125,651.9234008789062,80.92549999999999,-31.914666666666662,172.5,0.9766338606706263,0.9372579823369566
SB74533_component_79a,79.755739,-35.133293,153.77099609375,220.9353485107422,79.75566666666666,-35.13269444444444,127.1,1.2606702573493789,1.209842612854052
SB74533_component_80a,81.10565,-31.630582,149.85000610351562,587.6470947265625,81.10570833333333,-31.630888888888883,143.3,1.0896404182897033,1.0457083468493762
SB74533_component_91a,81.041086,-31.440166,136.09300231933594,533.6980590820312,81.04099999999998,-31.439777777777774,125.1,1.1335772334800032,1.0878737195790242
SB74533_component_93a,75.924738,-31.900956,138.39100646972656,671.801025390625,75.92462499999999,-31.900722222222218,139.1,1.036700642048028,0.994902994031104
SB74533_component_99a,74.152622,-31.603844,126.01699829101562,492.2538757324219,74.15237499999999,-31.603999999999996,122.1,1.0754397788051828,1.0320802480836662
SB74533_component_104a,78.419915,-33.700141,120.40799713134766,514.5640869140625,78.41995833333333,-33.69922222222222,116.4,1.0778913376003436,1.034432965045942
SB74533_component_106a,78.49643,-34.225753,121.5790023803711,482.45635986328125,78.49645833333332,-34.224888888888884,119.9,1.0566034442312222,1.0140033559663977
SB74533_component_108a,74.846975,-30.719542,116.71600341796875,500.92706298828125,74.84716666666665,-30.719222222222218,107.8,1.1281952759469365,1.0827087515581517
SB74533_component_111a,81.722562,-31.271388,118.30500030517578,281.6785888671875,81.72270833333333,-31.271249999999995,114.7,1.0747620246348977,1.0314298195743312
SB74533_component_113a,79.059816,-31.898761,113.36799621582031,587.39892578125,79.05949999999999,-31.898499999999995,115.0,1.027224241696883,0.9858086627462636
SB74533_component_118a,78.176291,-31.711775,113.01000213623047,664.7647094726562,78.17541666666666,-31.711833333333328,105.7,1.1140752483084897,1.069158014533874
SB74533_component_119a,80.176593,-32.889809,114.30699920654297,505.783203125,80.17629166666666,-32.88938888888889,114.4,1.0411646850971183,0.9991870560012497
SB74533_component_121a,74.92315,-33.544502,110.33300018310547,455.9214782714844,74.92304166666666,-33.543972222222216,111.8,1.0283388745058284,0.9868783558417306
SB74533_component_132a,76.87219,-34.718029,103.9020004272461,326.7358703613281,76.87229166666665,-34.71766666666666,94.1,1.1505537582575458,1.1041657856242943
SB74533_component_140a,78.159637,-31.921583,97.71399688720703,558.36572265625,78.15908333333333,-31.92083333333333,94.0,1.0831822984496058,1.0395106051830536
SB74533_component_151a,78.45685,-30.734968,84.24099731445312,443.3736877441406,78.45649999999999,-30.73411111111111,91.2,0.9625012253972766,0.9236951459918106
SB74533_component_153a,80.213787,-32.431789,84.5009994506836,396.71832275390625,80.2135,-32.430749999999996,78.8,1.1173989472793493,1.0723477087650202
SB74533_component_155a,74.889386,-29.972466,84.32499694824219,363.4698181152344,74.88949999999998,-29.972527777777774,99.1,0.8866563104374429,0.8509081427673278
SB74533_component_156a,78.737947,-32.388706,88.5,449.23858642578125,78.73733333333332,-32.388416666666664,94.5,0.9758523040795059,0.9365079365079365
SB74533_component_160a,76.086575,-32.639776,80.24700164794922,301.6804504394531,76.08599999999998,-32.63927777777777,69.2,1.2083572429651852,1.1596387521379945
SB74533_component_162a,73.780869,-30.327541,83.71700286865234,154.17495727539062,73.782125,-30.32783333333333,88.4,0.9868111240931655,0.9470249193286464
SB74533_component_164a,80.316213,-31.003253,79.91699981689453,373.44390869140625,80.31516666666666,-31.002888888888886,63.5,1.3114087467251012,1.2585354301873155
SB74533_component_171a,75.935072,-31.3814,80.70899963378906,450.88824462890625,75.93491666666665,-31.380999999999997,86.3,0.9745043865335464,0.9352143642385755
SB74533_component_175a,75.065649,-33.72594,74.78099822998047,325.134765625,75.065625,-33.72483333333333,69.3,1.1244254148550368,1.0790908835495017
SB74533_component_179a,75.364295,-31.04513,75.40899658203125,362.5432434082031,75.36420833333332,-31.045249999999996,76.4,1.0284955881095534,0.9870287510737074
SB74533_component_182a,77.87042,-30.407771,81.06600189208984,384.1990661621094,77.87012499999999,-30.406916666666664,84.7,0.9973049482563175,0.9570956539798092
SB74533_component_184a,73.718458,-32.481608,72.96199798583984,197.194580078125,73.71854166666665,-32.48197222222222,68.2,1.1147692311292168,1.069824017387681
SB74533_component_205a,74.632558,-34.338343,66.86599731445312,204.48316955566406,74.63245833333332,-34.337999999999994,62.8,1.1094770229041988,1.0647451801664511
SB74533_component_207a,73.188244,-30.081053,71.17900085449219,98.8597183227539,73.18829166666666,-30.081749999999996,70.7,1.0490715352800803,1.0067751181682063
SB74533_component_216a,79.490146,-33.395399,65.12200164794922,316.126220703125,79.49037499999999,-33.39583333333333,62.6,1.0839919010474086,1.0402875662611697
SB74533_component_217a,75.679138,-32.266713,61.72200012207031,249.8866424560547,75.67895833333333,-32.26627777777777,46.1,1.3951204198630922,1.3388720200015252
SB74533_component_231a,76.990503,-33.942852,58.92100143432617,264.2197265625,76.99037499999999,-33.94163888888888,67.1,0.9149981776570818,0.878107323909481
SB74533_component_232a,78.002227,-32.607481,57.58300018310547,296.819580078125,78.00241666666666,-32.6073611111111,55.9,1.0733839830457315,1.030107337801529
SB74533_component_243a,80.715954,-32.094586,54.10900115966797,255.23114013671875,80.71583333333332,-32.09363888888888,56.9,0.9909001184193102,0.9509490537727235
SB74533_component_248a,73.91036,-33.582201,58.00600051879883,188.9446258544922,73.91020833333333,-33.582027777777775,53.0,1.1404327544523605,1.0944528399773363
SB74533_component_249a,74.173903,-31.212823,53.64899826049805,209.56639099121094,74.17366666666666,-31.211277777777774,40.4,1.3837348588421121,1.3279455014974764
SB74533_component_250a,78.752461,-30.523518,53.452999114990234,287.3817138671875,78.75170833333333,-30.522027777777772,53.7,1.0372188990368176,0.9954003559588498
SB74533_component_255a,81.495458,-31.696471,55.654998779296875,184.90032958984375,81.49570833333333,-31.69433333333333,56.8,1.0210064167808826,0.9798415278045225
SB74533_component_257a,78.272166,-29.944656,51.32600021362305,256.6300048828125,78.27137499999999,-29.944138888888887,58.5,0.9142272984968575,0.8773675250191973
SB74533_component_260a,81.769896,-34.461581,53.61600112915039,72.16151428222656,81.76958333333333,-34.460499999999996,55.7,1.0030252225776344,0.962585298548481
SB74533_component_266a,80.307471,-34.211528,56.494998931884766,223.30039978027344,80.30725,-34.210611111111106,61.1,0.9634771608723917,0.9246317337460681
SB74533_component_270a,80.848477,-33.957401,54.715999603271484,208.83969116210938,80.84987499999998,-33.957138888888885,45.0,1.2669936948476632,1.2159111022949218
SB74533_component_278a,78.237046,-35.404835,52.650001525878906,68.2879409790039,78.23687499999998,-35.40380555555555,48.5,1.131173648025707,1.085567041770699
SB74533_component_281a,73.007051,-33.102633,49.279998779296875,63.505149841308594,73.00670833333332,-33.101749999999996,48.8,1.0522610524764386,1.0098360405593623
SB74533_component_285a,76.873633,-33.737838,46.220001220703125,182.68775939941406,76.87383333333332,-33.73697222222222,38.2,1.2607797343172353,1.2099476759346366
SB74533_component_293a,80.328767,-30.597577,46.775001525878906,235.05026245117188,80.32808333333332,-30.596888888888884,39.4,1.237058444368121,1.1871827798446424
SB74533_component_299a,77.158613,-31.539968,48.05099868774414,258.33868408203125,77.15883333333332,-31.540388888888884,46.3,1.0814191530232657,1.0378185461715799
SB74533_component_301a,81.179042,-31.172259,44.2400016784668,175.55555725097656,81.17833333333333,-31.17266666666666,40.6,1.1354335714018622,1.0896552137553397
SB74533_component_303a,78.624988,-34.530219,47.71200180053711,178.02984619140625,78.62508333333332,-34.52927777777777,51.7,0.9616338111090315,0.9228627040722844
SB74533_component_309a,74.782747,-30.997459,48.23500061035156,224.3488311767578,74.78270833333332,-30.996749999999995,42.1,1.1938584075131606,1.1457244800558566
SB74533_component_313a,79.374376,-34.017696,45.00299835205078,189.8860626220703,79.37420833333333,-34.01747222222222,34.8,1.3475188081224931,1.2931896078175513
SB74533_component_320a,82.281088,-31.596326,46.176998138427734,58.304290771484375,82.28158333333332,-31.596416666666663,38.2,1.2596067050395618,1.2088219407965375
SB74533_component_321a,78.617332,-31.58404,44.604000091552734,268.69879150390625,78.61716666666666,-31.58266666666666,37.9,1.226329647337671,1.1768865459512596
SB74533_component_326a,77.939321,-31.642072,41.757999420166016,225.7189178466797,77.93908333333333,-31.64183333333333,41.1,1.0586940973726502,1.0160097182522145
SB74533_component_328a,79.858669,-34.127831,43.36199951171875,192.72000122070312,79.85912499999999,-34.12783333333333,45.7,0.9887027220188125,0.9488402518975656
SB74533_component_329a,77.172146,-34.96976,44.55400085449219,104.83293914794922,77.17266666666666,-34.96916666666666,41.4,1.1213959864727905,1.076183595519135
SB74533_component_330a,74.915965,-32.05303,42.43199920654297,176.06639099121094,74.91566666666665,-32.05316666666666,43.4,1.0187705788180494,0.9776958342521421
SB74533_component_331a,76.554234,-32.313988,43.5359992980957,196.1081085205078,76.55416666666666,-32.31247222222222,39.7,1.142695824276727,1.09662466745833
SB74533_component_333a,79.296576,-30.385948,41.34400177001953,216.4607391357422,79.29583333333332,-30.385972222222218,36.2,1.1900811318428062,1.1420994964093791
SB74533_component_336a,77.279341,-33.404507,40.08100128173828,189.0613250732422,77.27933333333333,-33.40258333333333,38.4,1.0876269683031734,1.0437760750452678
SB74533_component_337a,74.075493,-33.771096,39.64799880981445,130.8514862060547,74.07533333333332,-33.771138888888885,31.8,1.29917238695983,1.2467924154029701
SB74533_component_338a,78.488787,-32.254502,41.183998107910156,248.0963897705078,78.48899999999999,-32.25513888888889,38.7,1.1088943481027627,1.0641859976204173
SB74533_component_339a,75.601146,-32.57373,39.58300018310547,178.3018035888672,75.60129166666665,-32.57283333333333,36.2,1.1393909549850019,1.0934530437321952
SB74533_component_340a,82.412774,-32.293308,43.231998443603516,44.204498291015625,82.41329166666665,-32.29463888888888,42.6,1.057470698393643,1.0148356442160449
SB74533_component_341a,81.450237,-32.183033,39.80400085449219,140.15492248535156,81.45012499999999,-32.182805555555554,29.9,1.387165146285724,1.331237486772314
SB74533_component_345a,82.006676,-32.036229,40.946998596191406,82.05811309814453,82.007375,-32.03788888888889,37.2,1.1469692201064887,1.1007257687148226
SB74533_component_347a,73.967246,-32.807351,39.047000885009766,136.52796936035156,73.967125,-32.80580555555555,37.4,1.087899331190506,1.044037456818443
SB74533_component_353a,73.431849,-32.596943,40.04199981689453,97.42578887939453,73.43195833333333,-32.595749999999995,45.5,0.9170161669658647,0.88004395201966
SB74533_component_357a,75.389389,-35.04791,40.88600158691406,59.08382034301758,75.38908333333332,-35.04769444444444,34.3,1.2420902444783666,1.1920117080732964
SB74533_component_360a,74.083217,-32.790947,37.277000427246094,151.5325164794922,74.08329166666665,-32.79044444444444,32.3,1.2025719397776942,1.1540867005339348
SB74533_component_363a,75.292538,-32.646796,35.99399948120117,168.9859161376953,75.29237499999999,-32.64574999999999,33.4,1.1229392680332397,1.0776646551257836
SB74533_component_364a,77.21905,-33.125303,38.257999420166016,164.90518188476562,77.21854166666665,-33.124916666666664,35.4,1.1261380272284824,1.0807344468973452
SB74533_component_367a,74.33644,-34.582562,38.92599868774414,73.30696105957031,74.33670833333332,-34.58038888888888,47.6,0.8521291863715814,0.817773081675297
SB74533_component_372a,81.894804,-30.393878,37.55799865722656,68.78754425048828,81.895125,-30.393388888888886,29.6,1.322158010853745,1.2688513059873838
SB74533_component_373a,82.355203,-34.244866,39.46900177001953,60.81510543823242,82.35524999999998,-34.24397222222222,38.7,1.0627174387817955,1.0198708467705304
SB74533_component_374a,80.726585,-30.804037,39.86399841308594,194.45852661132812,80.72604166666666,-30.80347222222222,37.0,1.1226690820786054,1.0774053625158362
SB74533_component_377a,76.157988,-33.292923,36.45800018310547,162.0355682373047,76.15816666666666,-33.293416666666666,31.7,1.198412168791806,1.1500946430001726
SB74533_component_382a,81.469604,-32.61076,35.35599899291992,103.38011169433594,81.46929166666665,-32.610499999999995,26.3,1.4008124534750508,1.344334562468438
SB74533_component_385a,74.288495,-31.845045,35.83700180053711,155.81304931640625,74.28883333333333,-31.843972222222217,32.7,1.1419748660324462,1.095932776774835
SB74533_component_387a,77.566563,-31.959885,35.715999603271484,197.3259735107422,77.56583333333333,-31.95916666666666,34.2,1.088201532281384,1.0443274737798678
SB74533_component_393a,79.344028,-34.110925,33.27899932861328,145.9605255126953,79.34391666666666,-34.110749999999996,30.7,1.1295475375995796,1.0840064927887063
SB74533_component_394a,79.893779,-34.802898,35.8380012512207,85.53221893310547,79.89374999999998,-34.802499999999995,28.5,1.3103024406543562,1.257473728113007
SB74533_component_397a,79.316045,-33.952533,34.45100021362305,161.74179077148438,79.31625,-33.95188888888888,29.2,1.2293954840883323,1.1798287744391456
SB74533_component_400a,77.634449,-33.882511,33.4640007019043,154.2119903564453,77.63466666666666,-33.88041666666666,30.3,1.1508212216178917,1.1044224654093826
SB74533_component_401a,75.078653,-31.215348,33.41699981689453,169.6294403076172,75.07879166666666,-31.21519444444444,38.6,0.9020960502347763,0.8657253838573712
SB74533_component_403a,79.748232,-31.956487,32.98099899291992,181.2142791748047,79.74775,-31.954888888888885,32.9,1.044577189768348,1.0024619754686908
SB74533_component_405a,80.420805,-33.297649,33.49100112915039,155.7720947265625,80.41999999999999,-33.29608333333333,28.3,1.2331455045349922,1.1834276017367629
SB74533_component_408a,74.312098,-34.040297,33.48699951171875,109.79344177246094,74.31191666666666,-34.040527777777775,33.2,1.0510195194526555,1.0086445636059864
SB74533_component_410a,81.843054,-33.952033,35.14799880981445,61.989418029785156,81.84333333333332,-33.95141666666666,27.9,1.3127107127194542,1.259784903577579
SB74533_component_414a,79.704249,-32.478095,35.83100128173828,179.15499877929688,79.70416666666665,-32.47819444444444,23.1,1.61629114753128,1.5511255966120467
SB74533_component_419a,77.22206,-31.434003,32.749000549316406,179.93955993652344,77.22183333333332,-31.432888888888886,25.7,1.3278149584304817,1.2742801770162027
SB74533_component_423a,78.580191,-34.275823,33.86899948120117,148.54824829101562,78.58033333333333,-34.27583333333333,34.4,1.0259272242696384,0.9845639384070108
SB74533_component_424a,77.072598,-34.343597,31.65999984741211,120.38021850585938,77.07274999999998,-34.34305555555555,28.8,1.1454893357403462,1.099305550257365
SB74533_component_428a,80.219629,-31.964166,32.39400100708008,152.0845184326172,80.21912499999999,-31.963111111111107,28.4,1.188553898800498,1.1406338382774677
SB74533_component_441a,76.664468,-30.893812,34.20600128173828,191.094970703125,76.66408333333332,-30.894249999999996,34.1,1.0452509196979185,1.0031085419864598
SB74533_component_443a,81.913305,-33.079062,32.125,55.7725715637207,81.91337499999999,-33.07827777777777,35.7,0.9376646640644304,0.899859943977591
SB74533_component_444a,72.811577,-32.852526,32.345001220703125,34.083248138427734,72.81120833333333,-32.85216666666666,31.7,1.0632136394699712,1.020347041662559
SB74533_component_448a,77.811728,-30.144027,30.39299964904785,166.08197021484375,77.81133333333332,-30.144611111111107,39.1,0.8099709394992806,0.7773145690293568
SB74533_component_455a,75.946099,-34.562895,32.40800094604492,96.16616821289062,75.946125,-34.56272222222222,26.6,1.2695307829807254,1.2183459002272525
SB74533_component_459a,75.608986,-33.014285,31.959999084472656,138.35496520996094,75.60862499999999,-33.012722222222216,33.8,0.9852868523380688,0.945562103090907
SB74533_component_462a,80.979784,-34.384123,30.774999618530273,80.35248565673828,80.97925,-34.38569444444444,34.1,0.9404079825064301,0.9024926574349054
SB74533_component_464a,74.670351,-34.550713,31.6560001373291,79.93939208984375,74.67049999999999,-34.550749999999994,27.4,1.2038658804485258,1.1553284721652957
SB74533_component_465a,81.79071,-32.844882,31.83099937438965,64.69715118408203,81.79104166666666,-32.84213888888888,33.8,0.9813099524024878,0.9417455436209956
SB74533_component_468a,74.517162,-34.873903,32.33599853515625,50.52499771118164,74.51679166666666,-34.873416666666664,31.8,1.0595752033580408,1.0168552998476807
SB74533_component_472a,74.603333,-33.178586,31.05699920654297,135.03042602539062,74.60291666666666,-33.17783333333333,27.6,1.1725275035068294,1.1252535944399626
SB74533_component_473a,75.124733,-32.220414,30.29599952697754,135.25,75.12429166666665,-32.21958333333333,28.3,1.1155048927327884,1.0705300186211144
SB74533_component_477a,79.483479,-35.006682,30.992000579833984,61.98400115966797,79.48299999999999,-35.00599999999999,29.1,1.1097604729183153,1.0650172020561506
SB74533_component_479a,80.247966,-33.043952,30.98699951171875,155.71356201171875,80.24749999999999,-33.04302777777777,22.9,1.4099920781669304,1.353144083481168
SB74533_component_483a,81.824967,-34.371252,28.04400062561035,38.259212493896484,81.82499999999999,-34.37127777777777,26.5,1.1027237386919506,1.058264174551334
SB74533_component_493a,78.388414,-29.986876,28.775999069213867,157.2458953857422,78.38799999999999,-29.98508333333333,38.3,0.782896346689636,0.751331568386785
SB74533_component_494a,76.661307,-31.688813,29.3799991607666,147.63818359375,76.66075,-31.688361111111107,28.0,1.0933680460762387,1.0492856843130929
SB74533_component_507a,76.878161,-33.034616,29.264999389648438,144.16256713867188,76.878125,-33.03583333333333,26.5,1.150734874477932,1.104339599609375
SB74533_component_509a,74.920053,-35.244263,30.63800048828125,28.05677604675293,74.91954166666666,-35.243138888888886,24.2,1.3192213841149543,1.2660330780281508
SB74533_component_515a,80.084873,-33.980312,26.83799934387207,121.99090576171875,80.08508333333333,-33.979527777777776,23.4,1.1951073303534079,1.146923048883422
SB74533_component_516a,79.524155,-33.313088,27.731000900268555,137.96517944335938,79.52466666666666,-33.31219444444444,26.3,1.09870835261091,1.0544106806185762
SB74533_component_523a,73.837597,-32.697455,25.809999465942383,88.39041137695312,73.83720833333332,-32.69727777777777,22.7,1.1847719623454294,1.1370043817595763
SB74533_component_524a,75.234811,-35.06456,29.768999099731445,39.744991302490234,75.23474999999999,-35.06430555555555,21.1,1.4701254886188937,1.4108530379019641
SB74533_component_529a,80.454346,-33.425026,27.923999786376953,136.21463012695312,80.454625,-33.424749999999996,27.1,1.0736950843899238,1.0304058961762712
SB74533_component_531a,73.020672,-32.990873,26.500999450683594,36.806941986083984,73.02037499999999,-32.989749999999994,30.7,0.8994903475871673,0.8632247378072831
SB74533_component_533a,79.38563,-30.354083,25.381000518798828,133.58421325683594,79.38475,-30.354472222222217,19.8,1.3357223024097904,1.2818687130706479
SB74533_component_536a,81.323785,-33.033376,25.115999221801758,79.23027801513672,81.32387499999999,-33.03194444444444,20.7,1.2643075900440697,1.2133332957392153
SB74533_component_559a,80.453689,-34.658252,23.99799919128418,63.15262985229492,80.45379166666666,-34.656055555555554,24.4,1.0248441766178837,0.9835245570198435
SB74533_component_561a,81.663844,-30.272233,24.7189998626709,64.54047393798828,81.66333333333333,-30.274416666666664,22.5,1.1447772935166012,1.0986222161187067
SB74533_component_564a,77.560087,-32.299672,24.761999130249023,143.13294982910156,77.55975,-32.299638888888886,25.8,1.0000889475802774,0.9597674081491869
SB74533_component_570a,79.484304,-31.54693,24.316999435424805,136.6123504638672,79.48412499999999,-31.546777777777773,24.5,1.0342285682626347,0.9925305892010124
SB74533_component_571a,74.61065,-32.319947,25.863000869750977,109.1265869140625,74.610125,-32.32075,24.5,1.0999816992852822,1.0556326885612644
SB74533_component_573a,75.659593,-33.722075,23.43600082397461,108.5,75.65924999999999,-33.72138888888888,20.0,1.2210294494546978,1.1718000411987304
SB74533_component_574a,74.492884,-32.419304,23.027999877929688,103.72972869873047,74.49283333333332,-32.41705555555555,18.2,1.3184311646217886,1.2652747185675652
SB74533_component_593a,76.405213,-34.281435,23.136999130249023,89.33203887939453,76.40554166666665,-34.279777777777774,24.0,1.004542737554067,0.9640416304270426
SB74533_component_595a,82.01321,-33.063341,23.746000289916992,32.75310134887695,82.01208333333332,-33.06502777777777,23.9,1.035297576783243,0.9935564974860667
SB74533_component_601a,76.534855,-34.323112,22.360000610351562,93.55648803710938,76.53491666666666,-34.32319444444444,21.9,1.0638988168364183,1.0210045940799801
SB74533_component_602a,79.182516,-31.828449,24.614999771118164,150.09146118164062,79.181625,-31.826999999999995,21.7,1.1819870867909212,1.1343317866874731
SB74533_component_604a,74.866216,-33.806815,24.270000457763672,101.12500762939453,74.8655,-33.805972222222216,23.3,1.0853916924444014,1.041630920934063
SB74533_component_611a,75.176785,-33.037237,22.32200050354004,109.42156982421875,75.17641666666665,-33.03574999999999,19.1,1.2177899230204423,1.1686911258397925
SB74533_component_616a,81.548748,-33.060892,21.472000122070312,62.783626556396484,81.54845833333333,-33.06038888888889,19.0,1.1775830061695076,1.1301052695826481
SB74533_component_619a,79.810655,-30.514731,21.59000015258789,116.70270538330078,79.81025,-30.514194444444442,14.8,1.520069901306374,1.4587837940937762
SB74533_component_625a,75.650911,-33.597719,21.062000274658203,88.86920166015625,75.65066666666665,-33.59636111111111,19.9,1.1028569068073832,1.0583919736009149
SB74533_component_638a,78.658245,-31.029866,20.93199920654297,118.93181610107422,78.65783333333333,-31.03194444444444,26.8,0.8138578283871785,0.7810447465127973
SB74533_component_649a,75.268766,-30.486005,21.861000061035156,106.63902282714844,75.26983333333332,-30.48794444444444,17.3,1.3167294587829261,1.2636416220251534
SB74533_component_654a,74.835952,-32.506404,19.923999786376953,94.42654418945312,74.83545833333332,-32.505111111111106,20.4,1.0176981631563464,0.9766666561949487
SB74533_component_656a,76.303658,-30.168134,21.430999755859375,108.78680419921875,76.30341666666666,-30.167722222222217,17.4,1.2834111639396164,1.2316666526355964
SB74533_component_657a,75.742403,-31.136205,20.131000518798828,110.0054702758789,75.74208333333333,-31.135499999999997,19.3,1.0868777062446828,1.043057021699421
SB74533_component_665a,78.808137,-34.433143,19.934999465942383,87.43421173095703,78.80854166666666,-34.43391666666666,18.8,1.104920442771192,1.0603723120182118
SB74533_component_670a,74.568331,-32.554696,19.13800048828125,92.00961303710938,74.56816666666666,-32.553416666666664,20.0,0.9971010999438388,0.9569000244140625
SB74533_component_674a,73.762188,-33.723123,20.295000076293945,57.985713958740234,73.76179166666665,-33.722472222222216,14.7,1.4386142314100625,1.3806122500880236
SB74533_component_676a,73.750913,-32.292239,19.073999404907227,66.0,73.75099999999999,-32.29161111111111,20.7,0.9601609717835584,0.9214492466138757
SB74533_component_677a,76.053778,-32.288265,20.08099937438965,97.95609283447266,76.05324999999999,-32.28822222222222,21.1,0.9916890023184085,0.951706131487661
SB74533_component_690a,81.620499,-29.924621,20.35099983215332,48.68659973144531,81.61991666666665,-29.92369444444444,36.2,0.5858005968823355,0.5621823158053403
SB74533_component_691a,81.365681,-32.415768,19.07900047302246,62.14657974243164,81.36633333333333,-32.41386111111111,14.1,1.409967609065243,1.3531206009235788
SB74533_component_693a,78.152129,-34.436871,20.033000946044922,77.05000305175781,78.15220833333332,-34.43666666666666,20.7,1.008435894736728,0.9677778234804311
SB74533_component_714a,77.650695,-33.493607,18.617000579833984,83.48430633544922,77.65016666666666,-33.495083333333326,16.4,1.1828740216881675,1.1351829621849991
SB74533_component_715a,77.054707,-32.88983,18.20400047302246,88.80000305175781,77.05399999999999,-32.88983333333333,13.0,1.4591371521760015,1.4003077286940355
SB74533_component_728a,78.67622,-32.188452,17.827999114990234,108.70730590820312,78.67541666666666,-32.18908333333333,18.4,1.00961875723094,0.9689129953799042
SB74533_component_733a,78.389642,-30.292355,18.277999877929688,87.45454406738281,78.38812499999999,-30.292416666666664,10.7,1.7799898345874934,1.7082242876569802
SB74533_component_736a,76.139813,-32.315319,17.476999282836914,85.67156982421875,76.13937499999999,-32.31694444444444,12.8,1.4227530603400333,1.365390568971634
SB74533_component_744a,74.738839,-31.476226,16.506999969482422,79.74395751953125,74.73916666666666,-31.47472222222222,17.0,1.0117934387642715,0.9709999982048484
SB74533_component_747a,79.563255,-30.183254,16.97800064086914,87.51546478271484,79.56220833333332,-30.184222222222218,17.1,1.034577585266622,0.9928655345537508
SB74533_component_752a,77.481736,-34.522182,17.216999053955078,73.57691955566406,77.48245833333333,-34.52166666666666,17.7,1.0135771678220955,0.972711810957914
SB74533_component_761a,82.526054,-31.885678,18.834999084472656,26.05117416381836,82.52562499999999,-31.883666666666663,20.1,0.9764323863705502,0.9370646310682913
SB74533_component_766a,78.60778,-33.315408,17.100000381469727,91.93548583984375,78.60733333333333,-33.314361111111104,13.1,1.360183349252313,1.305343540570208
SB74533_component_770a,81.777801,-30.993695,17.8700008392334,43.16425323486328,81.77674999999999,-30.992249999999995,21.7,0.8580991439902543,0.8235023428218157
SB74533_component_772a,81.83682,-30.12151,16.535999298095703,34.165287017822266,81.83716666666666,-30.123861111111108,43.4,0.3970208779052325,0.38101380871188256
SB74533_component_774a,74.969311,-30.084736,17.42300033569336,82.96666717529297,74.96983333333333,-30.085388888888886,16.1,1.1276379896394937,1.0821739338939973
SB74533_component_775a,76.506903,-32.953386,16.510000228881836,75.04545593261719,76.50566666666666,-32.95377777777777,13.2,1.3033041488361234,1.2507575930971089
SB74533_component_780a,76.525221,-31.772027,17.65999984741211,94.4384994506836,76.52445833333333,-31.770638888888886,11.9,1.5463804972110413,1.4840336006228663
SB74533_component_781a,73.522157,-30.752256,16.138999938964844,42.02864456176758,73.52212499999999,-30.75319444444444,12.5,1.3453622473038702,1.2911199951171874
SB74533_component_790a,77.593028,-32.032999,16.025999069213867,91.05681610107422,77.59229166666665,-32.03363888888889,17.8,0.9381617895283824,0.9003370263603295
SB74533_component_792a,73.916267,-34.682331,16.36199951171875,24.604509353637695,73.91624999999999,-34.68241666666666,14.5,1.1758204326593629,1.1284137594288792
SB74533_component_809a,79.5786,-32.638753,15.821999549865723,80.3147201538086,79.57816666666666,-32.63849999999999,19.0,0.867721576360862,0.8327368184139854
SB74533_component_812a,75.309162,-31.272595,15.559000015258789,81.88947296142578,75.30920833333333,-31.27305555555555,15.6,1.0392731626314553,0.9973717958499224
SB74533_component_816a,77.047228,-35.049518,16.365999221801758,32.9295768737793,77.04666666666665,-35.049361111111104,14.2,1.200955212576981,1.1525351564649127
SB74533_component_821a,73.75742,-33.996628,15.50100040435791,40.2623405456543,73.75720833333332,-33.99558333333333,10.8,1.495576394363137,1.435277815218325
SB74533_component_823a,73.033919,-34.303974,17.33300018310547,14.172526359558105,73.03383333333332,-34.303999999999995,17.7,1.0204062380671455,0.9792655470681056
SB74533_component_825a,80.908886,-31.788972,15.85099983215332,72.71101379394531,80.90858333333333,-31.79144444444444,13.2,1.2512824686886912,1.2008333206176758
SB74533_component_829a,77.377596,-32.767452,15.711000442504883,84.92432403564453,77.37708333333332,-32.765361111111105,15.9,1.029625633532021,0.9881132353776656
SB74533_component_842a,77.574431,-29.989093,16.1560001373291,93.38729095458984,77.57429166666665,-29.991388888888885,25.0,0.67338969993183,0.6462400054931641
SB74533_component_852a,76.108951,-34.791494,15.791999816894531,41.01818084716797,76.10999999999999,-34.79102777777777,12.7,1.2957047146168408,1.2434645525113805
SB74533_component_858a,80.944918,-35.35817,14.20300006866455,13.66987419128418,80.94616666666666,-35.359361111111106,18.2,0.8131699679050138,0.7803846191573929
SB74533_component_867a,77.03466,-31.673231,16.243000030517578,85.94180297851562,77.03466666666665,-31.670749999999995,21.2,0.7983678024556091,0.7661792467225272
SB74533_component_869a,77.744009,-34.355354,14.241999626159668,62.192138671875,77.74395833333332,-34.35552777777777,12.3,1.2065310092915866,1.1578861484682657
SB74533_component_873a,73.378898,-31.937247,15.564000129699707,35.61555862426758,73.379375,-31.938083333333328,11.7,1.386142864547957,1.3302564213418553
SB74533_component_875a,73.359597,-32.788717,14.63700008392334,29.332664489746094,73.35924999999999,-32.78791666666666,13.4,1.1382034735297701,1.0923134390987568
SB74533_component_878a,80.707085,-33.040311,13.86299991607666,61.3407096862793,80.70579166666666,-33.04044444444444,11.5,1.2561225435550722,1.2054782535718835
SB74533_component_879a,73.334658,-31.633849,14.427000045776367,28.568317413330078,73.33454166666665,-31.631111111111107,20.0,0.7516552015630832,0.7213500022888184
SB74533_component_882a,81.977233,-34.00971,14.102999687194824,20.709251403808594,81.97683333333332,-34.00819444444444,12.4,1.1851203096889584,1.1373386844511955
SB74533_component_889a,81.631057,-34.357441,14.607000350952148,22.752336502075195,81.6295,-34.35574999999999,22.3,0.6825410973128438,0.6550224372624281
SB74533_component_891a,78.696951,-32.102322,15.029999732971191,95.12657928466797,78.69741666666665,-32.10477777777778,16.7,0.937810587428459,0.899999984010251
SB74533_component_897a,74.380627,-31.675647,15.229999542236328,69.86238861083984,74.38029166666665,-31.674666666666663,12.2,1.3008064727681743,1.2483606182160925
SB74533_component_899a,80.856589,-34.211201,14.659000396728516,45.24382781982422,80.85770833333332,-34.21269444444444,30.3,0.5041204993550061,0.4837953926313041
SB74533_component_912a,73.405799,-30.089387,14.29800033569336,27.87134552001953,73.40437499999999,-30.088861111111108,15.2,0.9801766324630938,0.9406579168219316
SB74533_component_915a,78.766273,-31.926679,14.144000053405762,82.71344757080078,78.76591666666666,-31.925888888888885,14.0,1.0527296217724575,1.0102857181004115
SB74533_component_916a,79.308332,-31.546005,13.819999694824219,83.757568359375,79.30758333333333,-31.54391666666666,18.0,0.8000334729831015,0.7677777608235677
SB74533_component_926a,75.856037,-32.863154,15.14799976348877,64.73503875732422,75.85633333333332,-32.860972222222216,14.7,1.0737683151135344,1.0304761743869912
SB74533_component_930a,81.393203,-34.414751,14.335000038146973,28.84305763244629,81.39291666666665,-34.413666666666664,23.7,0.6302632463855741,0.6048523222846824
SB74533_component_931a,80.173854,-31.360469,13.557000160217285,74.90055847167969,80.17454166666666,-31.360472222222217,13.4,1.0542204402903097,1.0117164298669616
SB74533_component_935a,72.936254,-34.413138,14.279999732971191,25.096660614013672,72.93629166666666,-34.41311111111111,14.9,0.9986528841150084,0.9583892438235698
SB74533_component_941a,81.60835,-34.7603,12.958999633789062,14.528026580810547,81.60783333333332,-34.759499999999996,12.5,1.0802744244413658,1.036719970703125
SB74533_component_954a,78.536581,-34.017244,13.626999855041504,68.47738647460938,78.53629166666666,-34.01919444444444,14.8,0.9594252977470231,0.9207432334487502
SB74533_component_957a,76.832751,-31.228758,13.062000274658203,76.83529663085938,76.832625,-31.228555555555552,15.3,0.8895920383587878,0.853725508147595
SB74533_component_959a,75.885128,-33.798523,12.836000442504883,57.048892974853516,75.88370833333332,-33.79611111111111,13.4,0.9981540073867804,0.9579104807839465
SB74533_component_969a,78.676218,-32.87631,13.666999816894531,65.39234161376953,78.67670833333332,-32.87763888888888,16.2,0.8790848665555083,0.8436419640058354
SB74533_component_988a,76.824649,-32.336701,12.918999671936035,70.59562683105469,76.82445833333333,-32.336861111111105,17.7,0.7605508403375018,0.7298869871150303
SB74533_component_990a,74.979752,-33.709327,12.545999526977539,58.08332824707031,74.98066666666665,-33.70983333333333,11.8,1.1078880786541647,1.0632202988964015
SB74533_component_997a,77.017163,-34.151668,13.340999603271484,54.9012336730957,77.01733333333333,-34.15366666666666,18.6,0.7473913319658319,0.7172580431866389
SB74533_component_998a,78.848308,-35.040158,13.048999786376953,27.299163818359375,78.84733333333332,-35.04133333333333,13.7,0.9924971916003249,0.9524817362318945
SB74533_component_1011a,79.093962,-35.264505,13.340999603271484,20.275075912475586,79.09366666666665,-35.26347222222222,16.2,0.8581159737385476,0.823518494029104
SB74533_component_1012a,78.588879,-34.653482,12.930999755859375,47.02181625366211,78.58858333333332,-34.654111111111106,11.8,1.1418859409161657,1.095847436937235
SB74533_component_1014a,75.258416,-31.292966,12.560999870300293,67.89729309082031,75.25887499999999,-31.293305555555552,12.9,1.0146286715194055,0.9737209201783172
SB74533_component_1018a,80.458839,-33.98485,12.307999610900879,51.93248748779297,80.45741666666666,-33.98733333333333,21.6,0.5937537320081283,0.5698147968009666
SB74533_component_1027a,78.170501,-31.584109,12.484000205993652,77.06172943115234,78.16887499999999,-31.58208333333333,10.8,1.2044884541812924,1.1559259449994121
SB74533_component_1030a,73.817718,-33.14675,13.434000015258789,44.631229400634766,73.81674999999998,-33.14513888888889,15.4,0.9089861233516922,0.8723376633284928
SB74533_component_1035a,74.718308,-32.384002,11.579999923706055,54.88151550292969,74.71770833333332,-32.38249999999999,11.3,1.0678315362647524,1.0247787543102702
SB74533_component_1041a,77.592792,-32.742516,11.87399959564209,63.838706970214844,77.59241666666665,-32.743472222222216,14.3,0.8652340896467069,0.8303496220728733
SB74533_component_1045a,82.254648,-32.721239,12.09000015258789,16.404342651367188,82.25479166666666,-32.71847222222222,31.1,0.40507789733998667,0.3887459856137585
SB74533_component_1055a,79.973746,-33.071232,11.633000373840332,59.35204315185547,79.97416666666666,-33.07258333333333,10.8,1.1223818012314812,1.0771296642444752
SB74533_component_1063a,74.376572,-33.835486,11.317000389099121,46.38114929199219,74.37687499999998,-33.8345,14.6,0.8077019004100019,0.7751370129519947
SB74533_component_1070a,75.423567,-32.876657,11.27299976348877,53.42654037475586,75.42554166666666,-32.87797222222222,14.0,0.8390427554050353,0.8052142688206264
SB74533_component_1073a,77.147013,-32.555943,12.317999839782715,64.15625,77.1475,-32.557916666666664,12.3,1.0435366640403547,1.0014634016083508
SB74533_component_1075a,80.246029,-30.545112,11.072999954223633,55.92424392700195,80.24608333333332,-30.547249999999995,10.4,1.1094419632648107,1.0647115340599647
SB74533_component_1078a,76.745046,-31.463297,11.27299976348877,68.32120513916016,76.74637499999999,-31.46458333333333,13.6,0.8637204835051834,0.8288970414329978
SB74533_component_1079a,77.029249,-34.697259,12.401000022888184,39.746795654296875,77.02974999999999,-34.699638888888884,10.3,1.2545619549929283,1.2039805847464256
SB74533_component_1096a,74.643506,-32.344807,11.383000373840332,52.699073791503906,74.64279166666665,-32.34708333333333,11.8,1.0051881786202925,0.9646610486305366
SB74533_component_1117a,76.526024,-30.681101,10.72700023651123,66.21604919433594,76.52491666666666,-30.68355555555555,12.0,0.9314717196181298,0.8939166863759359
SB74533_component_1187a,80.486155,-33.20639,10.569999694824219,50.33333206176758,80.48795833333332,-33.20477777777777,10.8,1.0198207612174746,0.9787036754466869
SB74533_component_1193a,81.351683,-34.034858,10.210000038146973,28.67977523803711,81.35049999999998,-34.03677777777777,13.6,0.7822750247984629,0.7507352969225716
SB74533_component_1244a,73.885296,-34.240285,9.477999687194824,21.109130859375,73.88562499999999,-34.238249999999994,12.9,0.7655959183645722,0.7347286579220794
SB74533_component_1275a,79.067496,-31.225578,8.79699993133545,55.32704544067383,79.06662499999999,-31.226888888888883,12.2,0.7513588178310643,0.72106556814225
SB74533_component_1283a,78.965539,-33.739767,9.154000282287598,46.9435920715332,78.96574999999999,-33.73763888888888,10.4,0.9171707836081036,0.8801923348353459
SB74533_component_1343a,78.044908,-32.955847,8.932000160217285,45.80513000488281,78.04554166666665,-32.95386111111111,12.0,0.7756041172208372,0.7443333466847738
SB74533_component_1357a,78.226711,-32.686029,9.317999839782715,54.49122619628906,78.22579166666665,-32.68575,13.3,0.7300350090774296,0.700601491712986
SB74533_component_1367a,75.999184,-31.109158,8.565999984741211,48.94857406616211,75.99808333333333,-31.110388888888885,19.3,0.4624804617343,0.44383419610058084
SB74533_component_1371a,80.303054,-32.353858,8.114999771118164,42.71052551269531,80.30104166666666,-32.352666666666664,10.6,0.7977288089666938,0.7655660161432231
SB74533_component_1447a,74.045832,-32.885655,7.9730000495910645,31.63888931274414,74.04549999999999,-32.88327777777777,11.1,0.7484648641557881,0.7182882927559517
SB74533_component_1454a,78.230239,-34.892098,8.559000015258789,23.32152557373047,78.22791666666666,-34.89097222222222,20.2,0.4415138049898719,0.42371287204251434
SB74533_component_1575a,79.868674,-33.251811,7.302999973297119,36.153465270996094,79.86979166666666,-33.25377777777777,13.3,0.5721663171785109,0.5490977423531668
SB74533_component_1794a,82.411662,-30.50466,6.452000141143799,11.339191436767578,82.41108333333332,-30.502138888888886,18.0,0.3735033425897908,0.3584444522857666
SB74533_component_1854a,73.373568,-31.064557,6.375,14.358107566833496,73.37374999999999,-31.063361111111107,13.7,0.48487774542364415,0.4653284671532847
SB74533_component_2072a,80.993994,-30.097577,5.6020002365112305,21.629344940185547,80.99212499999999,-30.097416666666664,13.2,0.4422235038648761,0.4243939573114569
