INDEX,SRC,FIELD_NAME,SBID,SCAN,CAL_SBID,STATE,RA_HMS,DEC_DMS,RA_DEG,DEC_DEG,GAL_LONG,GAL_LAT,POL_AXIS,SCAN_START,SCAN_LEN,SCAN_TINT,NBEAMS_I,MOSAIC_TIME,NPIXELS_V,PSF_MAJOR,PSF_MINOR,PSF_ANGLE,MINIMUM,MAXIMUM,MED_RMS_uJy,MODE_RMS_uJy,STD_RMS_uJy,MIN_RMS_uJy,MAX_RMS_uJy,SELAVY_TIME,NUM_SELAVY,SELECT,DEFECT,ANOMALY,COMMENT,MinUV
0,0,VAST_0021+00,29372,0,29291,OBSERVED,00 21 29.552,+00 00 00,5.373133333333332,0.0,106.85546507974244,-61.933457287587444,-45.0,5134304643.674494,726.5894408505249,726.5894400000001,36,5134336816.509,171470249,9.299999999999988,7.499999999999988,81.72,-0.08291054517030716,2.6751668453216553,313.01580810546875,219.2841628464199,970.8032589770906,171.57395935058594,14042.5537109375,5134340365.0,3126,0,0,0,,100
1,1,VAST_0021-04,29373,0,29291,OBSERVED,00 21 29.552,-04 40 34.83,5.373133333333332,-4.676341666666667,103.97412442813966,-66.43961877440896,-45.0,5134305658.909054,726.5894408505249,726.5894400000001,36,5134336838.6710005,171488027,8.899999999999991,7.499999999999988,77.58,-0.026586545631289482,1.433645248413086,273.8268737792969,194.6730177090541,815.4749792207572,159.12098693847656,6317.97314453125,5134340543.0,3099,0,0,0,,100
2,2,VAST_0042+00,29439,0,29436,OBSERVED,00 42 59.104,+00 00 00,10.746266666666664,0.0,118.30550402741663,-62.79579241286711,-45.0,5134393287.586174,716.6361604016113,716.6361600000001,36,5134405449.391001,131607587,9.299999999999988,7.300000000000007,78.51,-0.010185916908085346,1.404429316520691,219.22691345214844,207.85544212274806,76.3024483332313,165.57557678222656,1431.555419921875,5134409011.0,3062,0,0,0,,100
3,3,VAST_0042-04,29374,0,29291,OBSERVED,00 42 59.104,-04 40 34.83,10.746266666666664,-4.676341666666667,117.43079486864504,-67.45775885430993,-45.0,5134306674.143614,726.5894408505249,726.5894400000001,36,5134338060.434999,171483755,8.799999999999985,7.499999999999988,77.74,-0.025450199842453003,1.858229637145996,269.9018859863281,194.63616756325723,804.0095157439712,153.8917694091797,6125.31103515625,5134341626.0,3231,0,0,0,,100
4,4,VAST_0104+00,29438,0,29436,OBSERVED,01 04 28.656,+00 00 00,16.1194,0.0,130.05197690529008,-62.691342950427455,-45.0,5134392272.351614,716.6361604016113,716.6361600000001,36,5134405808.564,131655484,9.299999999999988,7.499999999999988,86.97,-0.0166969895362854,2.7412259578704834,229.3341827392578,216.696818703823,91.85007862225504,166.52728271484375,5002.763671875,5134409349.0,2881,0,0,0,,100
5,5,VAST_0104-04,29437,0,29436,OBSERVED,01 04 28.656,-04 40 34.83,16.1194,-4.676341666666667,131.38924870047944,-67.33372049829107,-45.0,5134391306.883454,726.5894398968505,726.5894400000001,36,5134404368.207,131666218,9.19999999999998,7.300000000000007,89.4,-0.010092372074723244,2.0642142295837402,202.54571533203125,193.11895920932182,71.85861978756567,157.62066650390625,1388.9359130859375,5134407927.0,2880,0,0,0,,100
6,6,VAST_0113-72,29378,0,29291,OBSERVED,01 13 21.588,-72 45 46.24,18.339949999999998,-72.76284444444444,300.66684392831684,-44.26886769953534,-45.0,5134310774.894974,726.5894408505249,726.5894400000001,36,5134340172.328,172098168,13.100000000000003,8.1,15.51,-0.026654522866010666,0.8675981163978577,226.194091796875,185.2395927680654,658.7432345593734,150.08688354492188,5583.978515625,5134346001.0,3374,0,0,0,,100
7,7,VAST_0125+00,29297,0,29291,OBSERVED,01 25 58.208,+00 00 00,21.49253333333333,0.0,141.34779968196224,-61.630840045216274,-45.0,5134220906.729855,736.5427193920898,736.5427200000001,36,5134233896.266999,171408290,9.399999999999997,7.599999999999996,87.55,-0.027163928374648094,1.0974527597427368,287.53173828125,215.94288044962374,841.9613921222403,159.239990234375,7613.82373046875,5134237483.0,3107,0,0,0,,100
8,8,VAST_0125-04,29512,0,29436,OBSERVED,01 25 58.208,-04 40 34.83,21.49253333333333,-4.676341666666667,144.5893187349813,-66.08535264152022,-45.0,5134478607.655294,726.5894398968505,726.5894400000001,36,5134503923.738999,131615054,9.299999999999988,7.400000000000016,-89.47,-0.039721935987472534,1.1727193593978882,213.65987750845895,203.01487908667173,76.17704649464812,161.86121042080507,1491.63219997669,5134507462.0,3012,0,0,0,,100
9,9,VAST_0147+00,29298,0,29291,OBSERVED,01 47 27.761,+00 00 00,26.86567083333333,0.0,151.61248658210508,-59.71508362025738,-45.0,5134221842.338174,716.6361604016113,716.6361600000001,36,5134234358.189,171411457,9.500000000000004,7.700000000000004,89.12,-0.025945262983441353,0.8433352708816528,275.58245849609375,202.91130204604494,845.5767173420227,160.3472442626953,7017.2509765625,5134237964.0,3044,0,0,0,,100
10,10,VAST_0147-04,29375,0,29291,OBSERVED,01 47 27.761,-04 40 34.83,26.86567083333333,-4.676341666666667,156.14817436934234,-63.87411823283792,-45.0,5134307689.378174,716.6361604016113,716.6361600000001,36,5134338151.056,171492174,9.299999999999988,7.400000000000016,89.17,-0.02919984981417656,1.0354918241500854,274.33074951171875,200.48977730264576,828.0700463104821,159.90606689453125,7434.0751953125,5134341741.0,3186,0,0,0,,100
11,11,VAST_0208+00,29299,0,29291,OBSERVED,02 08 57.313,+00 00 00,32.23880416666666,0.0,160.57884700637376,-57.09405743499647,-45.0,5134222847.619454,726.5894398968505,726.5894400000001,36,5134240063.226999,171437626,9.600000000000012,7.700000000000004,89.55,-0.02914162538945675,1.2059249877929688,283.08502197265625,208.0780332790496,854.8176253130255,164.05850219726562,6663.75390625,5134243582.0,3230,0,0,0,,100
12,12,VAST_0208-04,29376,0,29291,IMAGED,02 08 57.313,-04 40 34.83,32.23880416666666,-4.676341666666667,165.81058396111004,-60.92020960717205,-45.0,5134308694.659454,726.5894398968505,726.5894400000001,36,5134433561.967999,131783274,9.399999999999997,7.400000000000016,-89.15,-0.01471718680113554,1.0735976696014404,205.74461364746094,197.29713525590685,71.82994266954209,148.2857666015625,1310.5782470703125,5134437092.0,3062,0,0,0,,100
13,12,VAST_0208-04,29441,0,29436,IMAGED,02 08 57.313,-04 40 34.83,32.23880416666666,-4.676341666666667,165.81058396111004,-60.92020960717205,-45.0,5134395318.055294,726.5894398968505,726.5894400000001,36,5134410069.799,131730821,9.100000000000007,7.300000000000007,88.89,-0.014081866480410099,1.070111632347107,204.23080444335938,194.97091081782537,74.75198549551921,158.37771606445312,1523.41357421875,5134413624.0,3118,0,0,0,,100
14,13,VAST_0230+00,29300,0,29291,OBSERVED,02 30 26.865,+00 00 00,37.611937499999996,0.0,168.24897449242786,-53.92244110003934,-45.0,5134223862.854014,726.5894398968505,726.5894400000001,36,5134240364.788,171486780,9.699999999999983,7.700000000000004,-89.66,-0.030584504827857018,2.601433515548706,291.2864990234375,205.11005874771766,882.5434032195425,162.8827667236328,6774.96533203125,5134243877.0,3118,0,0,0,,100
15,14,VAST_0230-04,29377,0,29291,OBSERVED,02 30 26.865,-04 40 34.83,37.611937499999996,-4.676341666666667,173.74773433200295,-57.42688546269006,-45.0,5134309709.894014,726.5894398968505,726.5894400000001,36,5134339931.365999,171452334,9.500000000000004,7.499999999999988,-88.85,-0.028432810679078102,1.0854600667953491,272.7620544433594,202.9034591722351,812.2822028555357,159.24049377441406,6885.17529296875,5134343480.0,3074,0,0,0,,100
16,15,VAST_0251+00,29301,0,29291,OBSERVED,02 51 56.417,+00 00 00,42.98507083333333,0.0,174.77151481509947,-50.33368778825928,-45.0,5134224878.088574,726.5894398968505,726.5894400000001,36,5134240908.575,171431009,9.799999999999992,7.800000000000012,-89.14,-0.030636698007583618,2.5958027839660645,303.915771484375,205.36240050117812,858.4409344036751,164.61355590820312,6810.4873046875,5134244439.0,2811,0,0,0,,100
17,16,VAST_0251-04,29302,0,29291,OBSERVED,02 51 56.417,-04 40 34.83,42.98507083333333,-4.676341666666667,180.28205431950127,-53.55114401556434,-45.0,5134225893.323134,726.5894398968505,726.5894400000001,36,5134240092.938,171460312,9.100000000000007,7.400000000000016,87.41,-0.026323489844799042,0.5973657965660095,264.1087646484375,194.87273656237096,807.0428829298145,156.80062866210938,5900.85693359375,5134243648.0,3130,0,0,0,,100
18,17,VAST_0313+00,29304,0,29291,OBSERVED,03 13 25.97,+00 00 00,48.35820833333333,0.0,180.34131919208895,-46.43263549314585,-45.0,5134227913.838974,726.5894398968505,726.5894400000001,36,5134241299.636,171625664,9.299999999999988,7.599999999999996,85.14,-0.025497226044535637,0.7301368713378906,274.8800964355469,198.53158409538776,836.7252933108583,160.53753662109375,8316.169921875,5134244830.0,3086,0,0,0,,100
19,18,VAST_0313-04,29303,0,29291,OBSERVED,03 13 25.97,-04 40 34.83,48.35820833333333,-4.676341666666667,185.7321220483322,-49.40495221727946,-45.0,5134226908.557694,726.5894398968505,726.5894400000001,36,5134240938.305,171463046,9.19999999999998,7.400000000000016,88.19,-0.02615511231124401,0.5437173247337341,259.56341552734375,195.47515198544048,803.0274943027455,156.89773559570312,5916.17041015625,5134244499.0,3202,0,0,0,,100
20,19,VAST_0334+00,29305,0,29291,OBSERVED,03 34 55.522,+00 00 00,53.73134166666666,0.0,185.1460691859549,-42.297995718409474,-45.0,5134228929.073535,726.5894389431762,726.5894400000001,36,5134241781.059,171547407,9.299999999999988,7.599999999999996,86.35,-0.026240652427077293,1.4178225994110107,268.45501708984375,201.73334590851243,820.8859535031864,164.3692169189453,6714.3251953125,5134245342.0,3151,0,0,0,,100
21,20,VAST_0334-04,29308,0,29291,OBSERVED,03 34 55.522,-04 40 34.83,53.73134166666666,-4.676341666666667,190.36063449701885,-45.066040463316696,-45.0,5134232054.403455,736.5427193920898,736.5427200000001,36,5134244964.488001,171471492,9.0,7.499999999999988,76.66,-0.024046193808317184,1.5123447179794312,254.87411499023438,191.34157362387882,788.0914620132572,156.3963165283203,6327.884765625,5134248508.0,3342,0,0,0,,100
22,21,VAST_0352-64,29310,0,29291,OBSERVED,03 52 15.483,-64 54 13.16,58.06451249999999,-64.90365555555556,278.73136980068494,-42.75770944559909,-45.0,5134234144.592255,736.5427193920898,736.5427200000001,36,5134247907.3880005,171758659,11.000000000000016,7.599999999999996,18.04,-0.03252413496375084,14.102046012878418,274.6583251953125,189.13987588130266,773.6350717972329,156.14703369140625,6639.80126953125,5134251768.0,3318,0,0,0,,100
23,22,VAST_0356+00,29306,0,29291,OBSERVED,03 56 25.074,+00 00 00,59.104475,0.0,189.3465246640143,-37.987860478582206,-45.0,5134229944.308094,716.6361604016113,716.6361600000001,36,5134242982.294001,171414111,9.399999999999997,7.599999999999996,87.75,-0.030551617965102196,1.4169930219650269,273.25323486328125,203.36628354373286,847.930406413292,156.88722229003906,6671.79638671875,5134246538.0,3161,0,0,0,,100
24,23,VAST_0356-04,29307,0,29291,IMAGED,03 56 25.074,-04 40 34.83,59.104475,-4.676341666666667,194.3700450388329,-40.588407673567474,-45.0,5134230959.542654,716.6361604016113,716.6361600000001,36,5134251480.207,171480209,8.899999999999991,7.499999999999988,81.94,-0.02596641518175602,2.233248472213745,265.3544921875,193.95268374960935,798.1843423595577,147.08349609375,5683.75830078125,5134255068.0,3081,0,0,0,,100
25,23,VAST_0356-04,29309,0,29291,IMAGED,03 56 25.074,-04 40 34.83,59.104475,-4.676341666666667,194.3700450388329,-40.588407673567474,-45.0,5134232980.058495,716.636159447937,716.6361600000001,36,5134245204.517,171464408,8.899999999999991,7.499999999999988,76.62,-0.02488797716796398,2.2002623081207275,263.04779052734375,192.95582518664307,794.4493805616577,159.99374389648438,5958.63134765625,5134248739.0,3114,0,0,0,,100
26,24,VAST_0438-64,29311,0,29291,OBSERVED,04 38 42.58,-64 54 13.16,69.67741666666664,-64.90365555555556,276.04573280876195,-38.28202989553077,-45.0,5134235110.060414,726.5894398968505,726.5894400000001,36,5134249286.945999,171696121,10.900000000000007,7.599999999999996,7.57,-0.1009029820561409,13.655388832092285,252.96905517578125,189.12706285340622,820.4994855254245,155.04798889160156,9735.3017578125,5134253325.0,3333,0,0,0,,100
27,25,VAST_0504-69,29313,0,29291,OBSERVED,05 04 36.923,-69 28 28.82,76.15384583333332,-69.47467222222222,280.57729512473065,-34.56032437619082,-45.0,5134237040.996735,716.636159447937,716.6361600000001,36,5134253309.174,171987545,11.999999999999988,7.900000000000019,8.6,-0.025668496266007423,1.4426912069320679,238.13963317871094,190.8498255782161,697.0846862604648,155.35975646972656,18251.4375,5134257565.0,3615,0,0,0,,100
28,26,VAST_0525-64,29312,0,29291,OBSERVED,05 25 09.677,-64 54 13.16,81.29032083333333,-64.90365555555556,274.70729210610716,-33.484276754896584,-45.0,5134236025.762174,716.6361604016113,716.6361600000001,36,5134250126.623,171815893,10.8,7.700000000000004,-3.73,-0.023709440603852272,1.4668221473693848,244.05540466308594,188.2207753424867,743.3313909146293,156.73333740234375,5571.064453125,5134254062.0,3405,0,0,0,,100
29,27,VAST_0559-69,29314,0,29291,OBSERVED,06 00 00,-69 28 28.82,89.99999999999999,-69.47467222222222,279.74138006318094,-29.76782153975085,-45.0,5134238056.231295,716.636159447937,716.6361600000001,36,5134254988.077,171963649,11.999999999999988,7.900000000000019,-4.34,-0.024847378954291344,0.7296931743621826,237.5758056640625,186.90931507814483,679.5368798438508,147.9406280517578,21148.197265625,5134258978.0,3577,0,0,0,,100
30,28,VAST_1724-28,29420,0,29436,OBSERVED,17 24 00,-27 58 10.2,260.99999999999994,-27.9695,358.2428648417641,4.520083945052728,-45.0,5134363805.970815,726.5894389431762,726.5894400000001,36,5134403858.7369995,131734201,7.999999999999992,7.499999999999988,82.08,-0.029086550697684288,2.338130235671997,213.41018676757812,200.5792441308216,81.60793570062995,169.65023803710938,1465.92138671875,5134407529.0,3116,0,0,0,,100
31,29,VAST_1731-23,29347,0,29291,OBSERVED,17 31 25.714,-23 19 15.47,262.8571416666666,-23.32096388888889,3.0635789232603408,5.683955516456449,-45.0,5134279193.137534,726.5894398968505,726.5894400000001,36,5134327467.517,171444824,8.1,7.499999999999988,74.92,-0.030327988788485527,1.865662932395935,275.78875732421875,197.63984046868362,824.0050191870132,157.1512451171875,14189.6103515625,5134331174.0,3223,0,0,0,,100
32,30,VAST_1735-32,29351,0,29291,OBSERVED,17 35 10.344,-32 36 41.83,263.7931,-32.61161944444444,355.6943376290389,-0.04911492165555323,-45.0,5134283264.029054,736.5427203457641,736.5427200000001,36,5134329008.924001,171475898,8.200000000000008,7.400000000000016,58.13,-0.0561910904943943,0.378653347492218,366.2977600097656,232.10110590172843,1026.016315865545,178.68991088867188,21671.404296875,5134332954.0,3327,0,0,0,,100
33,31,VAST_1748-18,29349,0,29291,OBSERVED,17 48 45,-18 40 03.793,267.18749999999994,-18.66772027777778,9.171574978063983,4.692797843417796,-45.0,5134281153.933694,726.5894408505249,716.6361600000001,36,5134328041.194,171447480,8.1,7.400000000000016,71.28,-0.02635781280696392,1.4823832511901855,273.5995788574219,196.7575014414527,828.6057436664338,165.32078552246094,7749.59423828125,5134331651.0,2934,0,0,0,,100
34,32,VAST_1748-28,29352,0,29291,OBSERVED,17 48 00,-27 58 10.2,267.0,-27.9695,1.0978012415273721,0.054418523521278475,-45.0,5134284199.637375,726.5894389431762,726.5894400000001,36,5134330113.226,171483289,8.200000000000008,7.400000000000016,64.79,-0.04952429234981537,1.360530138015747,407.92218017578125,245.43163927498023,1646.8184079895293,189.29327392578125,149945.140625,5134334190.0,3407,0,0,0,,100
35,33,VAST_1754-23,29348,0,29291,OBSERVED,17 54 17.142,-23 19 15.47,268.571425,-23.32096388888889,5.817206272322196,1.213960276452253,-45.0,5134280138.699134,726.5894408505249,726.5894400000001,36,5134327498.395,171419827,8.1,7.499999999999988,77.18,-0.04140863195061684,0.9604940414428711,354.6506652832031,226.47395533864363,924.4534525030966,176.84750366210938,8015.48291015625,5134331212.0,2965,0,0,0,,100
36,34,VAST_1800-32,29350,0,29291,OBSERVED,18 00 00,-32 36 41.83,269.99999999999994,-32.61161944444444,358.3973584718367,-4.5253644319875175,-45.0,5134282208.981375,726.5894389431762,726.5894400000001,36,5134328404.0060005,171475186,7.999999999999992,7.599999999999996,55.99,-0.027054473757743835,0.6320108771324158,271.7170104980469,195.28838433451514,838.4987549977685,159.6208953857422,7878.19091796875,5134332041.0,3342,0,0,0,,100
37,35,VAST_1812-28,29353,0,29291,OBSERVED,18 12 00,-27 58 10.2,272.99999999999994,-27.9695,3.729271704633876,-4.546172363895585,-45.0,5134285214.871935,716.636159447937,716.6361600000001,36,5134329071.841,171453524,8.200000000000008,7.400000000000016,64.42,-0.027111008763313293,2.3515827655792236,276.7383117675781,198.6935992238485,829.8760015767626,162.6697998046875,6132.30908203125,5134332821.0,3322,0,0,0,,100
38,36,VAST_2003+00,29356,0,29291,OBSERVED,20 03 34.925,+00 00 00,300.8955208333333,0.0,41.37723609847159,-15.995022404811161,-45.0,5134288439.734654,716.636159447937,716.6361600000001,36,5134330159.552,171616766,9.299999999999988,7.599999999999996,84.86,-0.0279693566262722,2.1005136966705322,279.32049560546875,203.62007825877623,838.5570289955062,162.92315673828125,9280.279296875,5134333965.0,3044,0,0,0,,100
39,37,VAST_2003-04,29355,0,29291,OBSERVED,20 03 34.925,-04 40 34.83,300.8955208333333,-4.676341666666667,37.045144751609556,-18.168436508386613,-45.0,5134287424.500094,726.5894398968505,716.6361600000001,36,5134330051.969,171472522,9.19999999999998,7.400000000000016,88.23,-0.04592302069067955,2.4502370357513428,271.97625732421875,199.98139543847586,822.7995767032775,159.01084899902344,6229.32861328125,5134333664.0,3205,0,0,0,,100
40,38,VAST_2004-41,29428,0,29436,OBSERVED,20 04 36.923,-41 52 44.08,301.15384583333326,-41.87891111111111,358.33885443654714,-30.82384161301501,-45.0,5134373181.960574,726.5894398968505,726.5894400000001,36,5134404459.323998,131745664,8.1,7.800000000000012,-28.57,-0.008322125300765038,3.0601978302001953,199.35379028320312,189.9124867628319,69.8323963113257,153.0856475830078,1305.7230224609375,5134408303.0,3158,0,0,0,,100
41,39,VAST_2006-55,29558,0,29557,IMAGED,20 06 00,-55 43 29.41,301.5,-55.72483611111111,342.17202157212137,-32.47972899333011,-45.0,5134541789.860222,726.5894408505249,726.5894400000001,36,5134580529.122001,131448969,9.899999999999999,7.599999999999996,-43.39,-0.009511871263384819,1.234925627708435,203.18083766657304,193.66675955438123,85.2220076008221,159.11947240468925,4101.65883453799,5134584343.0,4536,0,0,0,,100
42,40,VAST_2014-46,29429,0,29436,OBSERVED,20 15 00,-46 30 10.66,303.74999999999994,-46.50296111111111,353.24238062772463,-33.31324925096546,-45.0,5134374465.933694,726.5894408505249,726.5894400000001,36,5134403527.651999,131785584,8.300000000000015,7.800000000000012,-8.19,-0.008804643526673317,0.9236255884170532,195.87298583984375,186.00313355216704,71.9972220692368,154.84716796875,1376.7843017578125,5134407236.0,3086,0,0,0,,100
43,41,VAST_2025+00,29357,0,29291,OBSERVED,20 25 04.477,+00 00 00,306.26865416666664,0.0,44.099017137835915,-20.70691218416931,-45.0,5134289445.015935,726.5894389431762,726.5894400000001,36,5134330219.167999,171572646,9.299999999999988,7.599999999999996,85.61,-0.027089934796094894,0.6172137260437012,268.7696533203125,200.98620484048743,828.354871494832,162.3426513671875,8339.9755859375,5134333921.0,3166,0,0,0,,100
44,42,VAST_2025-04,29496,0,29436,OBSERVED,20 25 04.477,-04 40 34.83,306.26865416666664,-4.676341666666667,39.666147753315975,-22.928718468752496,-45.0,5134462505.79187,736.5427203457641,736.5427200000001,36,5134496510.386,131703531,8.799999999999985,7.499999999999988,80.39,-0.020990679040551186,2.44596004486084,204.12567138671875,195.16824405573178,73.3574390308169,160.2556610107422,1560.8441162109375,5134500038.0,3018,0,0,0,,100
45,43,VAST_2027-51,29495,0,29436,OBSERVED,20 27 16.363,-51 07 06.396,306.8181791666666,-51.11844333333333,347.7850359197557,-35.578416877841796,-45.0,5134461579.0309105,726.5894398968505,726.5894400000001,36,5134496510.578001,131808201,8.499999999999995,7.599999999999996,-9.71,-0.014319055713713169,1.2865982055664062,202.5830841064453,192.43810070305037,75.06310876346328,156.0634002685547,1393.0716552734375,5134500248.0,3055,0,0,0,,100
46,44,VAST_2032-41,29430,0,29436,OBSERVED,20 32 18.461,-41 52 44.08,308.0769208333333,-41.87891111111111,359.2180185918907,-35.92458166895703,-45.0,5134375540.887934,736.5427203457641,736.5427200000001,36,5134403618.21,131765061,7.999999999999992,7.800000000000012,-6.04,-0.008501935750246048,0.9329121708869934,190.4366455078125,181.23800145170898,69.67531699767564,154.0066680908203,1284.0767822265625,5134407327.0,3216,0,0,0,,100
47,45,VAST_2034-60,29569,0,29557,IMAGED,20 34 17.142,-60 19 18.17,308.571425,-60.321713888888894,336.3812245334887,-35.968911685169104,-45.0,5134553465.057662,726.5894398968505,716.6361600000001,36,5134580560.846,131590268,10.199999999999989,7.300000000000007,25.24,-0.009603661485016346,1.7339226007461548,211.57766360543764,202.66023808366174,75.41273075966417,161.40302964896958,1243.1651257514247,5134584323.0,4536,0,0,0,,100
48,46,VAST_2042-55,29561,0,29557,IMAGED,20 42 00,-55 43 29.41,310.49999999999994,-55.72483611111111,341.9221240894946,-37.540549273905576,-45.0,5134545283.461502,726.5894398968505,726.5894400000001,36,5134581070.803,131553798,9.600000000000012,7.599999999999996,-34.65,-0.009314950555562973,1.2173025608062744,207.59967241223606,196.80165568141868,73.78340296324494,161.1341443920772,1344.7290622719665,5134584835.0,4536,0,0,0,,100
49,47,VAST_2044-46,29497,0,29436,OBSERVED,20 45 00,-46 30 10.66,311.24999999999994,-46.50296111111111,353.5894465931491,-38.46603406263317,-45.0,5134463411.540351,726.5894389431762,726.5894400000001,36,5134496840.898001,131787279,8.300000000000015,7.700000000000004,5.07,-0.013973686844110489,1.507435917854309,195.3241729736328,184.2066571024034,72.19735603854433,149.75611877441406,1161.23876953125,5134500548.0,2930,0,0,0,,100
50,48,VAST_2046+00,29358,0,29291,OBSERVED,20 46 34.029,+00 00 00,311.6417874999999,0.0,46.99490809943663,-25.373304572273682,-45.0,5134290470.203774,716.636159447937,716.6361600000001,36,5134330250.746,171429070,9.399999999999997,7.599999999999996,87.16,-0.027949688956141472,2.20383620262146,271.837890625,199.89049969211032,854.1228611320649,160.5499267578125,7009.54443359375,5134333880.0,3041,0,0,0,,100
51,49,VAST_2046-04,29359,0,29291,OBSERVED,20 46 34.029,-04 40 34.83,311.6417874999999,-4.676341666666667,42.43699891991794,-27.662516794886205,-45.0,5134291485.438334,706.6828799526977,706.6828800000001,36,5134330281.834999,171486934,8.899999999999991,7.499999999999988,81.93,-0.03408817946910858,2.138528347015381,275.1594543457031,201.14871434041248,819.5281112493008,157.998291015625,11496.8515625,5134333939.0,3068,0,0,0,,100
52,50,VAST_2054-64,29568,0,29557,IMAGED,20 54 11.612,-64 54 13.16,313.5483833333333,-64.90365555555556,330.2124769449579,-37.27163047001324,-45.0,5134552360.243582,716.6361604016113,716.6361600000001,36,5134581220.465,131573143,10.900000000000007,7.599999999999996,9.5,-0.01388719491660595,1.4518406391143799,207.45688707763128,197.07219869823768,72.2147959306942,157.1818536259317,1159.2179306177318,5134585023.0,4536,0,0,0,,100
53,51,VAST_2059-41,29431,0,29436,OBSERVED,21 00 00,-41 52 44.08,314.99999999999994,-41.87891111111111,359.67168960113355,-41.06558909983481,-45.0,5134376625.795454,736.5427203457641,736.5427200000001,36,5134403557.342,131763872,8.1,7.800000000000012,-25.88,-0.009210164658725262,1.2165440320968628,192.70108032226562,182.16929465948976,71.83655279611098,150.96339416503906,1262.9140625,5134407270.0,3245,0,0,0,,100
54,52,VAST_2059-51,29498,0,29436,OBSERVED,21 00 00,-51 07 06.396,314.99999999999994,-51.11844333333333,347.44975083435406,-40.7048373950934,-45.0,5134464396.915071,716.636159447937,716.6361600000001,36,5134497020.1189995,131831947,8.600000000000005,7.700000000000004,0.25,-0.012902481481432915,0.9739426970481873,195.02838134765625,184.58570576305252,73.55988393081192,150.0849151611328,1391.200927734375,5134500746.0,3084,0,0,0,,100
55,53,VAST_2108+00,29290,0,29291,OBSERVED,21 08 03.582,+00 00 00,317.01492499999995,0.0,50.12233102481219,-29.978498342391873,-45.0,5134205777.744254,726.5894398968505,726.5894400000001,36,5134229161.044001,171557588,9.299999999999988,7.599999999999996,86.07,-0.027385249733924866,0.449296236038208,266.06488037109375,197.5935872623789,829.4658663535622,160.5802459716797,7600.83935546875,5134232878.0,3055,0,0,0,,100
56,54,VAST_2108-04,29360,0,29291,OBSERVED,21 08 03.582,-04 40 34.83,317.01492499999995,-4.676341666666667,45.41549281452728,-32.35656690008034,-45.0,5134292490.719614,716.6361604016113,716.6361600000001,36,5134332070.349,171469956,8.899999999999991,7.499999999999988,82.59,-0.02581923082470894,0.5183597207069397,256.7413330078125,190.00687398732316,798.1049226947083,150.08535766601562,5847.23876953125,5134335611.0,3025,0,0,0,,100
57,55,VAST_2114-46,29432,0,29436,OBSERVED,21 15 00,-46 30 10.66,318.74999999999994,-46.50296111111111,353.31393155169934,-43.622295337887465,-45.0,5134377710.702974,736.5427193920898,736.5427200000001,36,5134403978.330999,131794230,8.300000000000015,7.800000000000012,-13.72,-0.023158205673098564,1.5461686849594116,191.65911865234375,182.09811313585786,71.90630124221146,150.44357299804688,1338.716064453125,5134407719.0,3248,0,0,0,,100
58,56,VAST_2115-60,29563,0,29557,IMAGED,21 15 25.714,-60 19 18.17,318.8571416666666,-60.321713888888894,334.95285102138183,-40.93223809016833,-45.0,5134547284.070783,716.636159447937,716.6361600000001,36,5134580274.649,131542349,10.299999999999995,7.499999999999988,-30.86,-0.012101301923394203,0.9105676412582397,204.1121243193381,193.9749362784654,71.77057047300859,163.6874394738471,993.6060696906562,5134584040.0,4536,0,0,0,,100
59,57,VAST_2118-55,29562,0,29557,IMAGED,21 18 00,-55 43 29.41,319.5,-55.72483611111111,340.75018844192573,-42.52554075350711,-45.0,5134546268.836223,726.5894398968505,726.5894400000001,36,5134580560.190001,131362183,9.799999999999992,7.599999999999996,-42.61,-0.01394259836524725,1.4093470573425293,204.996356440969,195.6915976581038,70.90646817953684,161.6544730580233,1098.6355236497432,5134584281.0,4536,0,0,0,,100
60,58,VAST_2127-41,29433,0,29436,OBSERVED,21 27 41.538,-41 52 44.08,321.923075,-41.87891111111111,359.60275131897845,-46.21857587739054,-45.0,5134378805.563774,726.5894398968505,726.5894400000001,36,5134404279.198999,131765329,7.999999999999992,7.800000000000012,-7.51,-0.00994901079684496,0.9864224791526794,191.37242126464844,181.2466201538109,70.88567708863384,150.59954833984375,1238.488525390625,5134407974.0,2990,0,0,0,,100
61,59,VAST_2129+00,29362,0,29291,OBSERVED,21 29 33.134,+00 00 00,322.3880583333333,0.0,53.55154883579465,-34.5026613187383,-45.0,5134294521.188734,726.5894408505249,726.5894400000001,36,5134333262.865999,171439232,9.299999999999988,7.499999999999988,81.2,-0.030615750700235367,3.2273671627044678,289.8843078613281,211.20952999173312,825.4132745239551,163.1874542236328,9726.1259765625,5134336818.0,2992,0,0,0,,100
62,60,VAST_2129-04,29361,0,29291,OBSERVED,21 29 33.134,-04 40 34.83,322.3880583333333,-4.676341666666667,48.67403526344757,-36.99417881691718,-45.0,5134293505.954174,726.5894398968505,726.5894400000001,36,5134332586.499,171483776,8.899999999999991,7.400000000000016,83.61,-0.02372349053621292,1.2215337753295898,257.6377258300781,191.4555085676772,803.8072157736572,158.4996795654297,6303.38037109375,5134336199.0,2978,0,0,0,,100
63,61,VAST_2132-51,29499,0,29436,OBSERVED,21 32 43.636,-51 07 06.396,323.18181666666663,-51.11844333333333,346.2466496547015,-45.762809725419025,-45.0,5134465412.149631,726.5894398968505,726.5894400000001,36,5134497022.074,131812667,8.600000000000005,7.700000000000004,-10.74,-0.021869124844670296,2.2330191135406494,193.7043914794922,184.50422424211897,70.92039032967115,153.78060913085938,1252.6708984375,5134500766.0,3134,0,0,0,,100
64,62,VAST_2140-64,29567,0,29557,IMAGED,21 40 38.709,-64 54 13.16,325.16128749999996,-64.90365555555556,327.83205964689773,-41.835582930742085,-45.0,5134551345.009022,726.5894408505249,716.6361600000001,36,5134580440.655001,131619084,10.900000000000007,7.599999999999996,-13.47,-0.011029637418687344,1.4411011934280396,207.31443259519855,197.08484643761795,73.76828996096233,160.18888701148347,1278.7003117724646,5134584283.0,4536,0,0,0,,100
65,63,VAST_2144-46,29500,0,29436,OBSERVED,21 45 00,-46 30 10.66,326.24999999999994,-46.50296111111111,352.24768689696197,-48.72979462528402,-45.0,5134466417.43091,726.5894398968505,726.5894400000001,36,5134496841.364,131710283,8.300000000000015,7.800000000000012,-1.58,-0.01453790720552206,1.2879619598388672,193.94354248046875,184.37049659251443,69.0293544442741,153.86032104492188,1313.7032470703125,5134500559.0,3212,0,0,0,,100
66,64,VAST_2151+00,29363,0,29291,OBSERVED,21 51 02.686,+00 00 00,327.76119166666666,0.0,57.37002158888588,-38.92010708744329,-45.0,5134295536.423294,716.6361604016113,716.6361600000001,36,5134333994.739,171455141,9.19999999999998,7.499999999999988,82.31,-0.02937144972383976,3.1425211429595947,266.3014831542969,200.10417596239415,839.3868211136672,162.0491485595703,6307.712890625,5134337563.0,3074,0,0,0,,100
67,65,VAST_2151-04,29570,0,29557,IMAGED,21 51 02.686,-04 40 34.83,327.76119166666666,-4.676341666666667,52.30579023563864,-41.55355373868689,-45.0,5134554420.572542,726.5894398968505,726.5894400000001,36,5134580214.088,131474821,8.799999999999985,7.499999999999988,77.58,-0.008296414278447628,0.6374166011810303,216.13344004456425,206.1195897390247,72.84940391445124,163.12805752651704,1365.588991972497,5134583751.0,4536,0,0,0,,100
68,66,VAST_2154-55,29565,0,29557,IMAGED,21 54 00,-55 43 29.41,328.49999999999994,-55.72483611111111,338.4404212377641,-47.3198517991955,-45.0,5134549314.539903,726.5894389431762,726.5894400000001,36,5134581310.615,131359951,9.600000000000012,7.599999999999996,-36.23,-0.008348995819687843,1.5151540040969849,211.80372047282927,201.19481603142557,76.66102595427269,160.13110240712882,1291.394775933562,5134585063.0,4536,0,0,0,,100
69,67,VAST_2155-41,29434,0,29436,OBSERVED,21 55 23.076,-41 52 44.08,328.84614999999997,-41.87891111111111,358.855478493248,-51.34830409599678,-45.0,5134379890.471294,726.5894398968505,726.5894400000001,36,5134403886.755,131726365,8.1,7.800000000000012,-26.34,-0.010670153424143791,1.0742361545562744,192.5274658203125,182.8288644388374,71.61162188596013,151.79690551757812,1299.4061279296875,5134407586.0,3092,0,0,0,,100
70,68,VAST_2156-60,29564,0,29557,IMAGED,21 56 34.285,-60 19 18.17,329.1428541666666,-60.321713888888894,332.2198481233744,-45.615452364240646,-45.0,5134548299.305343,726.5894398968505,726.5894400000001,36,5134580393.708,131474420,10.50000000000001,7.599999999999996,-39.1,-0.008754372596740723,0.44598424434661865,208.70744890420855,198.6923547954315,72.66750491469489,165.41803386849418,1043.1554298033266,5134584159.0,4536,0,0,0,,100
71,69,VAST_2205-51,29566,0,29557,IMAGED,22 05 27.272,-51 07 06.396,331.36363333333327,-51.11844333333333,343.93293729277417,-50.659686511657995,-45.0,5134550329.774463,726.5894389431762,726.5894400000001,36,5134579420.474999,131553856,9.100000000000007,7.700000000000004,-42.63,-0.013468845747411251,1.9386615753173828,207.53952235624115,197.25630088217466,72.24120462729519,153.87044755329106,1416.5722823655544,5134583105.0,4536,0,0,0,,100
72,70,VAST_2212+00,29364,0,29291,OBSERVED,22 12 32.238,+00 00 00,333.13432499999993,0.0,61.68747535254691,-43.196831129037086,-45.0,5134296541.704574,726.5894408505249,726.5894400000001,36,5134334014.973,171494088,9.299999999999988,7.499999999999988,82.42,-0.02808690443634987,2.7142786979675293,296.29296875,203.143292409828,852.6683221996169,160.85340881347656,9578.8642578125,5134337574.0,2876,0,0,0,,100
73,71,VAST_2212-04,29507,0,29436,OBSERVED,22 12 32.238,-04 40 34.83,333.13432499999993,-4.676341666666667,56.43301663293336,-46.005224370301676,-45.0,5134473203.024255,726.5894389431762,726.5894400000001,36,5134497682.291,131674442,9.600000000000012,7.099999999999992,75.84,-0.013369373045861721,1.6328343152999878,216.82958984375,201.57980144509406,81.68884825084785,163.57192993164062,1366.3092041015625,5134501233.0,3005,0,0,0,,100
74,72,VAST_2214-46,29501,0,29436,OBSERVED,22 15 00,-46 30 10.66,333.74999999999994,-46.50296111111111,350.1318899486159,-53.71784664595449,-45.0,5134467432.66547,716.6361604016113,716.6361600000001,36,5134496841.7439995,131754271,8.300000000000015,7.800000000000012,-14.35,-0.020722663030028343,1.6780369281768799,196.44769287109375,187.11007494575506,70.68647041483686,154.48211669921875,1312.3448486328125,5134500546.0,3174,0,0,0,,100
75,73,VAST_2223-41,29502,0,29436,OBSERVED,22 23 04.615,-41 52 44.08,335.7692291666666,-41.87891111111111,357.1777037090602,-56.40614692962694,-45.0,5134468447.90003,716.636159447937,716.6361600000001,36,5134496842.424,131710546,7.999999999999992,7.800000000000012,-1.25,-0.03072443976998329,2.5903823375701904,195.34226989746094,185.72204447514326,69.07410628049838,148.64044189453125,1317.80029296875,5134500539.0,2971,0,0,0,,100
76,74,VAST_2227-64,29292,0,29291,OBSERVED,22 27 05.806,-64 54 13.16,336.7741916666666,-64.90365555555556,323.96484413955255,-45.889190463322,-45.0,5134215760.884094,726.5894398968505,726.5894400000001,36,5134228220.128,171845627,11.099999999999987,7.599999999999996,23.95,-0.03115314058959484,0.9966669082641602,238.04660034179688,184.45305102820862,729.028760212319,152.58131408691406,6231.6787109375,5134232015.0,3231,0,0,0,,100
77,75,VAST_2230-55,29508,0,29436,OBSERVED,22 30 00,-55 43 29.41,337.49999999999994,-55.72483611111111,334.71371639665233,-51.7721731305612,-45.0,5134474208.305534,726.5894398968505,726.5894400000001,36,5134503228.238,131576364,9.399999999999997,7.300000000000007,27.57,-0.009462917223572731,1.3975932598114014,200.41510297069735,190.61760625003845,71.644484090476,155.5442258638307,1108.5784663263296,5134506990.0,3190,0,0,0,,100
78,76,VAST_2234+00,29365,0,29291,OBSERVED,22 34 01.791,+00 00 00,338.5074625,0.0,66.64098000866454,-47.287110266611826,-45.0,5134297556.939135,726.5894398968505,726.5894400000001,36,5134334494.666,171555002,9.299999999999988,7.599999999999996,84.06,-0.028930500149726868,1.333252191543579,271.8064880371094,199.09049065669402,829.6136677278135,163.78585815429688,6345.474609375,5134338122.0,3164,0,0,0,,100
79,77,VAST_2234-04,29368,0,29291,OBSERVED,22 34 01.791,-04 40 34.83,338.5074625,-4.676341666666667,61.21794621370885,-50.30820932739647,-45.0,5134300692.222335,736.5427193920898,736.5427200000001,36,5134335757.447,171320906,9.100000000000007,7.300000000000007,77.42,-0.033283960074186325,6.772824287414551,301.6540222167969,200.66107140692196,851.2065236830355,163.0187530517578,8128.01171875,5134339283.0,3113,0,0,0,,100
80,78,VAST_2237-60,29509,0,29436,OBSERVED,22 37 42.857,-60 19 18.17,339.4285708333333,-60.321713888888894,327.9379989082645,-49.811011750938164,-45.0,5134475074.240894,726.5894398968505,726.5894400000001,36,5134503408.8880005,131907850,10.299999999999995,7.400000000000016,27.79,-0.008058405481278896,0.8530785441398621,194.45827362535616,185.45906195855414,71.1409002726004,155.41662438168535,1407.7783786782165,5134507221.0,3122,0,0,0,,100
81,79,VAST_2238-51,29505,0,29436,OBSERVED,22 38 10.909,-51 07 06.396,339.5454541666666,-51.11844333333333,340.16751742160875,-55.26666415568924,-45.0,5134471483.65043,726.5894408505249,726.5894400000001,36,5134497709.441,131750170,8.600000000000005,7.599999999999996,12.0,-0.022756878286600113,2.083813190460205,199.68148803710938,188.07631642935,78.6633275227847,159.4625701904297,1314.413330078125,5134501444.0,3171,0,0,0,,100
82,80,VAST_2244-46,29504,0,29436,OBSERVED,22 45 00,-46 30 10.66,341.24999999999994,-46.50296111111111,346.57212637262916,-58.482977407291955,-45.0,5134470478.36915,716.6361604016113,716.6361600000001,36,5134497708.996,131704934,8.300000000000015,7.700000000000004,5.16,-0.008831845596432686,0.9780853390693665,193.683349609375,184.5656388820361,70.28870100383641,152.5782012939453,1254.7503662109375,5134501405.0,3211,0,0,0,,100
83,81,VAST_2250-41,29503,0,29436,OBSERVED,22 50 46.153,-41 52 44.08,342.6923041666666,-41.87891111111111,354.153910216614,-61.317879429990384,-45.0,5134469463.13459,716.636159447937,716.6361600000001,36,5134497110.536,131646418,7.999999999999992,7.800000000000012,-23.44,-0.012663760222494602,1.969276785850525,196.72119140625,186.60290003851173,68.33494814852274,154.69276428222656,942.7650756835938,5134500826.0,3129,0,0,0,,100
84,82,VAST_2255+00,29366,0,29291,OBSERVED,22 55 31.343,+00 00 00,343.8805958333333,0.0,72.3976480060735,-51.128926338744805,-45.0,5134298572.173695,726.5894398968505,726.5894400000001,36,5134334900.746,171587062,9.299999999999988,7.599999999999996,85.45,-0.029500966891646385,1.0151832103729248,278.7410888671875,204.38248735238378,846.8026963786173,163.57659912109375,6849.529296875,5134338491.0,3013,0,0,0,,100
85,83,VAST_2255-04,29367,0,29291,OBSERVED,22 55 31.343,-04 40 34.83,343.8805958333333,-4.676341666666667,66.87521410666089,-54.40419130404889,-45.0,5134299577.454974,726.5894398968505,726.5894400000001,36,5134335339.433001,171428862,8.799999999999985,7.499999999999988,80.43,-0.02578939124941826,0.9785537123680115,259.6527099609375,191.28923224619587,802.0801885544074,156.56021118164062,5530.7412109375,5134338892.0,3015,0,0,0,,100
86,84,VAST_2306-55,29293,0,29291,OBSERVED,23 06 00,-55 43 29.41,346.5,-55.72483611111111,329.2586249668123,-55.67968392709047,-45.0,5134216776.118654,716.6361604016113,716.6361600000001,36,5134241811.13,171680315,9.399999999999997,7.499999999999988,21.46,-0.027630873024463654,1.9895328283309937,254.82875061035156,183.94588480638433,756.9787167336333,153.17337036132812,7833.2724609375,5134245567.0,3356,0,0,0,,100
87,85,VAST_2317+00,29295,0,29291,OBSERVED,23 17 00.895,+00 00 00,349.25372916666663,0.0,79.14921153727629,-54.638428822782075,-45.0,5134218806.587774,716.636159447937,716.6361600000001,36,5134231459.673,171465435,10.400000000000004,7.499999999999988,76.58,-0.02525719255208969,0.7481856346130371,274.178466796875,199.3165117353616,835.1446252122739,160.92477416992188,6657.56103515625,5134235017.0,2886,0,0,0,,100
88,86,VAST_2317-04,29294,0,29291,OBSERVED,23 17 00.895,-04 40 34.83,349.25372916666663,-4.676341666666667,73.68076408048333,-58.20910040418769,-45.0,5134217930.699134,736.5427203457641,736.5427200000001,36,5134230471.455,171418736,9.299999999999988,7.2,77.18,-0.025289850309491158,1.0920861959457397,266.3363952636719,193.5686529525441,794.9959004143302,156.64239501953125,6937.3466796875,5134234162.0,3063,0,0,0,,100
89,87,VAST_2338+00,29296,0,29291,OBSERVED,23 38 30.447,+00 00 00,354.62686249999996,0.0,87.08663225204788,-57.70467369646709,-45.0,5134219811.869055,726.5894389431762,726.5894400000001,36,5134232779.946001,171542114,10.299999999999995,7.400000000000016,75.95,-0.03560781851410866,1.6392863988876343,274.1180419921875,201.0323578165928,860.0978929944005,164.46617126464844,6191.4267578125,5134236265.0,3094,0,0,0,,100
90,88,VAST_2338-04,29369,0,29291,OBSERVED,23 38 30.447,-04 40 34.83,354.62686249999996,-4.676341666666667,81.96092306833874,-61.60215866801581,-45.0,5134301697.503614,726.5894398968505,726.5894400000001,36,5134335985.1589985,171461979,8.899999999999991,7.499999999999988,82.22,-0.02608639746904373,1.568464994430542,280.67938232421875,201.24526248893363,823.4429120106017,162.3406982421875,6479.89111328125,5134339532.0,3157,0,0,0,,100
91,89,VAST_2359+00,29371,0,29291,OBSERVED,00 00 00,+00 00 00,0.0,0.0,96.33728336969006,-60.188551946914465,-45.0,5134303638.393214,716.636159447937,716.6361600000001,36,5134336757.088,171459707,9.299999999999988,7.499999999999988,81.0,-0.02652611769735813,3.12835955619812,287.6573181152344,208.8857957929753,838.4232735440218,165.7085723876953,6469.6279296875,5134340272.0,3064,0,0,0,,100
92,90,VAST_2359-04,29370,0,29291,OBSERVED,00 00 00,-04 40 34.83,0.0,-4.676341666666667,92.02344060331237,-64.41594997084955,-45.0,5134302623.158654,716.636159447937,716.6361600000001,36,5134336536.15,171479668,8.899999999999991,7.400000000000016,84.38,-0.025336679071187973,2.6334142684936523,276.9122314453125,198.54344881667816,805.4753664258164,156.40103149414062,6112.60595703125,5134340100.0,3086,0,0,0,,100
