Component_ID,RA,DEC,ASKAP_flux,ASKAP_flux_SNR,RA_comp,DEC_comp,Comp_flux,Flux_Ratio_AlphaCorr,Flux_Ratio_NOAlphaCorr
SB85795_component_20a,258.291426,-34.308122,630.4199829101562,804.1071166992188,258.29218,-34.30816,712.1,3.670715006076502,0.8852969848478531
SB85795_component_38a,258.837915,-40.427776,388.37298583984375,391.11077880859375,258.83722,-40.42737,555.2,2.9004223206142807,0.6995190667144159
SB85795_component_49a,262.297335,-38.438064,309.95599365234375,736.2374877929688,262.29663,-38.43793,2017.2,0.6371075642708238,0.15365655049194119
SB85795_component_51a,261.660386,-40.836942,308.802001953125,551.43212890625,261.66025,-40.83727,1316.1,0.9728657186254962,0.2346341478254882
SB85795_component_58a,260.256831,-35.335871,271.72900390625,198.63230895996094,260.25598,-35.33595,465.6,2.419829167820925,0.5836104035787156
SB85795_component_63a,259.711678,-36.021953,252.76100158691406,99.19976043701172,259.71051,-36.02145,1192.2,0.8790683262809417,0.2120122475984852
SB85795_component_65a,259.429273,-35.698717,251.38099670410156,260.7686767578125,259.4288,-35.6978,1573.6,0.6623686652849946,0.15974898112868682
SB85795_component_75a,259.424308,-40.726082,230.69000244140625,289.0852355957031,259.42404,-40.72644,1008.7,0.9482621913882415,0.22870030974661074
SB85795_component_77a,266.237134,-36.602549,226.781005859375,127.11939239501953,266.23669,-36.60316,946.4,0.9935589223176086,0.23962490052765745
SB85795_component_81a,263.654224,-35.025555,207.2530059814453,416.1706848144531,263.65341,-35.02482,104.2,8.246977342840312,1.9889923798603197
SB85795_component_101a,264.155397,-34.460533,171.9929962158203,163.18121337890625,264.15552,-34.46089,436.7,1.6330115349513545,0.3938470259121143
SB85795_component_102a,255.471426,-38.200355,163.63499450683594,279.71795654296875,255.47237,-38.19943,273.8,2.478017816610395,0.5976442458248208
SB85795_component_108a,257.488914,-36.181184,159.51400756835938,459.6945495605469,257.48822,-36.18138,913.2,0.7242601754897064,0.17467587337752888
SB85795_component_128a,264.604041,-37.072736,133.51499938964844,351.3552551269531,264.60339,-37.07317,887.5,0.623768412671342,0.15043943593199824
SB85795_component_129a,255.932927,-38.503296,128.68099975585938,268.64508056640625,255.93274,-38.50331,480.0,1.1115650192468505,0.2680854161580404
SB85795_component_131a,254.699319,-36.466415,133.04800415039062,114.0085678100586,254.69942,-36.46738,1032.2,0.5344489048664318,0.12889750450531934
SB85795_component_141a,258.123891,-33.350982,121.06800079345703,156.62095642089844,258.12424,-33.35059,519.9,0.9655421462448041,0.23286786072986543
SB85795_component_143a,260.146244,-32.44762,117.89199829101562,104.23695373535156,260.14648,-32.44784,1043.8,0.4683049181205122,0.11294500698506958
SB85795_component_147a,255.994303,-38.036524,112.06700134277344,284.43402099609375,255.99416,-38.03692,583.5,0.7963400775919733,0.19205998516327924
SB85795_component_150a,261.65582,-39.676413,110.90899658203125,348.77044677734375,261.65533,-39.67677,506.8,0.9073855357478954,0.21884174542626528
SB85795_component_155a,261.830581,-41.508699,115.2040023803711,80.50594329833984,261.83105,-41.50911,387.9,1.231429263836274,0.2969940767733207
SB85795_component_158a,261.321349,-33.898848,112.04399871826172,48.54592514038086,261.32166,-33.89849,455.4,1.0201340783530501,0.2460342527849401
SB85795_component_162a,263.058402,-39.649031,109.16300201416016,257.45989990234375,263.05768,-39.64924,1206.7,0.3750920330075677,0.0904640772471701
SB85795_component_165a,260.679872,-32.708997,110.14099884033203,86.24980926513672,260.68011,-32.70917,554.0,0.8243296632462255,0.19881046722081594
SB85795_component_169a,263.81338,-39.159957,98.89199829101562,171.09341430664062,263.81265,-39.16005,393.9,1.0409667410819083,0.2510586399873461
SB85795_component_175a,263.063689,-35.649396,95.48400115966797,200.5966339111328,263.06262,-35.6495,453.0,0.8739650983588375,0.21078145951361582
SB85795_component_182a,262.172132,-34.638533,93.14399719238281,71.429443359375,262.17093,-34.63853,294.8,1.3100536283926203,0.3159565712088969
SB85795_component_184a,263.597992,-35.774929,92.52100372314453,265.1031494140625,263.59723,-35.77467,463.2,0.8281966453282668,0.1997430995750098
SB85795_component_188a,257.763717,-32.994533,92.8270034790039,60.394927978515625,257.76434,-32.99462,153.8,2.502532221779338,0.6035565895904025
SB85795_component_191a,257.148067,-39.493314,89.76699829101562,111.6504898071289,257.14743,-39.49153,294.4,1.2642721743877137,0.30491507571676507
SB85795_component_194a,261.144403,-38.317601,92.25800323486328,231.8040313720703,261.14362,-38.31657,458.5,0.8343079711666052,0.2012170190509559
SB85795_component_203a,255.712504,-36.789364,83.26599884033203,228.1260223388672,255.71141,-36.78968,589.5,0.5856600076436583,0.14124851372405772
SB85795_component_206a,262.089414,-33.907696,82.697998046875,70.74250793457031,262.08908,-33.90749,349.0,0.9824970418558648,0.23695701446095987
SB85795_component_207a,264.923962,-36.084299,90.9469985961914,226.80050659179688,264.92334,-36.08472,730.5,0.5162140646477767,0.12449965584694238
SB85795_component_209a,261.205537,-41.684823,91.41400146484375,58.71162414550781,261.20593,-41.68583,497.0,0.7626372484943952,0.18393159248459506
SB85795_component_210a,259.522044,-35.167689,82.0999984741211,126.30769348144531,259.52261,-35.16689,318.5,1.0687974144294572,0.2577707958371149
SB85795_component_214a,262.90066,-37.320969,80.7229995727539,262.0876770019531,262.89938,-37.32042,526.6,0.6355915558764551,0.15329092209030365
SB85795_component_225a,260.900766,-32.413593,81.04399871826172,39.11389923095703,260.90097,-32.41298,382.1,0.8794385632687459,0.21210154074394585
SB85795_component_226a,257.38082,-36.344612,78.59200286865234,264.6195373535156,257.37985,-36.34377,332.6,0.9797556889656627,0.23629585949685009
SB85795_component_229a,261.86473,-33.910773,73.24700164794922,58.27128219604492,261.86472,-33.9105,248.3,1.223136184362303,0.29499396555758844
SB85795_component_230a,260.651285,-40.299847,84.36599731445312,245.24998474121094,260.65076,-40.29976,462.3,0.7566677660949801,0.18249188257506624
SB85795_component_232a,258.628177,-34.866132,81.06900024414062,228.36338806152344,258.62854,-34.86683,411.8,0.8162630866464133,0.19686498359431914
SB85795_component_235a,256.876571,-35.507348,76.875,243.27529907226562,256.87515,-35.5075,501.2,0.6359687099191749,0.15338188347964885
SB85795_component_237a,258.029411,-34.112657,80.0739974975586,144.2774658203125,258.03024,-34.1121,454.2,0.7309809556782966,0.176296780047465
SB85795_component_239a,264.087057,-34.972677,70.97699737548828,128.81488037109375,264.08749,-34.97271,275.1,1.0697658126036658,0.25800435250995374
SB85795_component_243a,257.056348,-34.751545,72.26200103759766,178.42469787597656,257.05545,-34.75237,284.1,1.0546307550665854,0.25435410432100547
SB85795_component_247a,263.895486,-39.219983,73.96199798583984,110.0625,263.89526,-39.21947,316.0,0.9704725014214308,0.23405695565139192
SB85795_component_255a,258.89814,-34.537778,66.16899871826172,160.6043701171875,258.8989,-34.53802,321.2,0.8541629082424653,0.20600559999458817
SB85795_component_256a,266.038123,-35.687524,69.31600189208984,46.272361755371094,266.03809,-35.68806,250.9,1.1454985023667674,0.27626943759302447
SB85795_component_257a,258.546834,-35.281212,71.93699645996094,181.65908813476562,258.54752,-35.28134,381.6,0.7816379141876472,0.1885141416665643
SB85795_component_259a,262.635543,-38.198574,66.68199920654297,233.15383911132812,262.63464,-38.19811,363.4,0.7608260450083645,0.18349476941811496
SB85795_component_263a,261.204936,-38.589587,66.02300262451172,207.6195068359375,261.20337,-38.59026,104.6,2.6171298392470494,0.6311950537716225
SB85795_component_266a,261.292334,-38.420088,61.46699905395508,163.91200256347656,261.29105,-38.41969,90.8,2.8068412092951704,0.6769493287880516
SB85795_component_273a,258.277304,-33.609966,63.233001708984375,109.399658203125,258.27774,-33.6097,314.6,0.833387078213772,0.20099491960897767
SB85795_component_274a,257.389558,-37.206853,60.97800064086914,155.55612182617188,257.38931,-37.2068,197.7,1.27887528173957,0.308437029038286
SB85795_component_277a,263.03561,-37.99057,58.930999755859375,203.21034240722656,263.03452,-37.98976,300.1,0.814215743619653,0.19637120878327013
SB85795_component_278a,261.721351,-37.126245,61.566001892089844,159.9116973876953,261.72098,-37.12585,290.4,0.8790347044751177,0.21200413874686588
SB85795_component_279a,261.360631,-40.400124,59.02299880981445,179.9481658935547,261.35971,-40.40065,241.9,1.0116891326220112,0.2439975147160581
SB85795_component_290a,263.410391,-36.392409,57.948001861572266,170.9380645751953,263.40915,-36.39256,134.0,1.793062175205202,0.4324477750863602
SB85795_component_299a,259.752287,-36.11878,61.24300003051758,28.847387313842773,259.7515,-36.11866,286.5,0.8863260474664766,0.2137626528115797
SB85795_component_301a,257.713679,-35.231278,56.3120002746582,198.28167724609375,257.7139,-35.23089,233.7,0.999088417185397,0.24095849497072402
SB85795_component_305a,264.385674,-35.230631,54.939998626708984,122.90827178955078,264.3858,-35.23047,151.7,1.5016362563128283,0.36216215310948574
SB85795_component_306a,262.961783,-33.689397,52.86600112915039,23.258249282836914,262.96262,-33.68903,94.7,2.314665102860001,0.5582471080163716
SB85795_component_309a,261.172827,-38.441703,53.763999938964844,160.97006225585938,261.17218,-38.44029,140.5,1.5866346330266765,0.38266192127377113
SB85795_component_310a,263.08618,-40.183819,54.43899917602539,70.79193878173828,263.08539,-40.18423,96.7,2.3342391051326983,0.5629679335679978
SB85795_component_312a,254.861193,-36.207369,51.95199966430664,47.970455169677734,254.86105,-36.20907,316.1,0.6814585655999701,0.16435305176939777
SB85795_component_314a,264.492219,-36.545741,52.70500183105469,164.70314025878906,264.49127,-36.54615,226.9,0.9631169342214716,0.23228295209808147
SB85795_component_317a,260.616744,-41.000089,54.2130012512207,110.18902587890625,260.61682,-41.00087,309.7,0.7258116377087767,0.17505005247407396
SB85795_component_329a,255.185657,-37.812639,50.79999923706055,106.05427551269531,255.18631,-37.81247,234.7,0.897454208143586,0.2164465242311911
SB85795_component_330a,264.312544,-38.707715,50.79399871826172,78.7503890991211,264.31168,-38.70828,93.1,2.26216565676887,0.545585378284229
SB85795_component_344a,260.316595,-33.15193,50.60900115966797,66.85469055175781,260.31644,-33.15141,251.4,0.8346880094337094,0.20130867605277633
SB85795_component_347a,263.995556,-36.848604,48.13600158691406,162.07408142089844,263.99442,-36.84813,318.2,0.6272367843078464,0.1512759320770398
SB85795_component_354a,259.37642,-33.128664,49.737998962402344,99.87550354003906,259.37692,-33.12857,316.2,0.652211009406665,0.15729917445415037
SB85795_component_366a,255.511024,-36.819401,44.430999755859375,110.52487182617188,255.5107,-36.81985,180.5,1.0206352448827845,0.24615512330115996
SB85795_component_368a,262.992627,-35.525451,44.763999938964844,102.20091247558594,262.99161,-35.52593,144.3,1.286246593305785,0.31021482979185616
SB85795_component_370a,260.826648,-32.522453,45.85100173950195,26.65755844116211,260.82687,-32.5223,296.3,0.6416214274280869,0.15474519655586214
SB85795_component_374a,259.569492,-33.444455,44.470001220703125,87.19608306884766,259.56955,-33.44462,243.6,0.7569227168828051,0.1825533711851524
SB85795_component_378a,262.433153,-34.879614,41.345001220703125,42.18877410888672,262.4321,-34.87892,160.9,1.0654391403213963,0.2569608528322133
SB85795_component_381a,265.59017,-37.715603,41.71200180053711,27.975854873657227,265.5899,-37.71577,226.7,0.762906288253726,0.1839964790495682
SB85795_component_382a,261.092105,-36.134655,40.707000732421875,53.84524154663086,261.09183,-36.13474,205.6,0.820932929975464,0.19799124869854998
SB85795_component_386a,257.687857,-40.162121,44.10200119018555,25.143672943115234,257.68686,-40.16288,198.5,0.9212117477668033,0.22217632841403298
SB85795_component_395a,259.552206,-34.31515,40.95399856567383,81.09703063964844,259.5524,-34.31538,247.1,0.6872033176197266,0.16573856157698838
SB85795_component_397a,257.566529,-34.185177,42.55400085449219,88.65416717529297,257.56644,-34.18441,259.4,0.6801929219171612,0.1640478059155443
SB85795_component_398a,257.600559,-39.504625,41.64400100708008,39.17591857910156,257.59982,-39.50446,146.2,1.1810458497515048,0.2848426881469226
SB85795_component_400a,259.89288,-33.706421,41.54399871826172,58.84419250488281,259.89276,-33.70635,197.9,0.8704106257026955,0.2099241976668101
SB85795_component_403a,260.372374,-34.935993,44.87200164794922,63.92022705078125,260.37158,-34.9339,143.9,1.292933925575518,0.3118276695479445
SB85795_component_408a,261.230121,-39.092358,40.24399948120117,121.95150756835938,261.22925,-39.09185,197.7,0.8440266265528166,0.20356094831158913
SB85795_component_410a,257.150419,-34.244078,41.14400100708008,65.10126495361328,257.15015,-34.24341,215.7,0.7908935959614273,0.19074641171571666
SB85795_component_415a,261.323317,-37.759653,43.12200164794922,138.2115478515625,261.32288,-37.75923,218.2,0.8194186564782374,0.19762603871654089
SB85795_component_416a,265.511157,-36.32182,39.49300003051758,64.74262237548828,265.51071,-36.32254,196.1,0.8350341058682949,0.2013921470194675
SB85795_component_419a,259.902648,-40.77995,41.409000396728516,70.54344177246094,259.90247,-40.78061,165.5,1.0374291120731864,0.2502054404636164
SB85795_component_421a,258.495721,-33.520242,39.137001037597656,72.47592163085938,258.4957,-33.52001,102.4,1.5847080690631576,0.3821972757577896
SB85795_component_422a,258.450129,-33.039583,44.46099853515625,59.92048263549805,258.45053,-33.03988,125.7,1.4665795219969566,0.353707227805539
SB85795_component_424a,264.825542,-37.816327,41.0260009765625,74.45735168457031,264.82458,-37.81553,197.6,0.860862773483472,0.20762146243199647
SB85795_component_428a,263.028294,-35.349948,38.415000915527344,94.1544189453125,263.02756,-35.34971,257.2,0.6192864329140322,0.14935847945383882
SB85795_component_431a,264.475692,-36.709555,39.244998931884766,121.8788833618164,264.47482,-36.7096,183.6,0.8862848525677853,0.21375271749392574
SB85795_component_433a,262.649845,-39.772379,40.14099884033203,106.19312286376953,262.64929,-39.77226,214.6,0.7755684602413021,0.18705032078439904
SB85795_component_437a,259.616202,-33.062166,39.92300033569336,80.48992156982422,259.61624,-33.06225,212.5,0.7789793052660956,0.18787294275620403
SB85795_component_452a,264.733354,-38.656052,39.43899917602539,41.12512969970703,264.73245,-38.6549,209.0,0.7824224111130453,0.1887033453398344
SB85795_component_453a,263.890782,-35.360455,38.51499938964844,103.25736999511719,263.89035,-35.35902,163.5,0.9767284106157885,0.23556574550243692
SB85795_component_455a,263.879659,-35.177488,36.18600082397461,73.54878234863281,263.87881,-35.17771,100.7,1.4899537937128948,0.35934459606727515
SB85795_component_456a,255.353212,-38.085738,39.959999084472656,82.3917465209961,255.3544,-38.08492,185.1,0.8951189120495511,0.21588330137478476
SB85795_component_458a,265.17002,-37.95706,39.15999984741211,39.15999984741211,265.16891,-37.95692,152.2,1.066816468121488,0.2572930344770835
SB85795_component_460a,261.902174,-41.45251,36.8120002746582,31.038785934448242,261.9028,-41.45259,169.0,0.9031593744935513,0.21782248683229705
SB85795_component_467a,258.969964,-33.699764,34.762001037597656,69.80321502685547,258.96927,-33.70039,117.3,1.228763884528161,0.2963512449923074
SB85795_component_469a,265.573197,-37.502635,35.87300109863281,28.538585662841797,265.57242,-37.5024,152.1,0.9779129085840085,0.23585142076681667
SB85795_component_470a,254.633087,-37.904631,33.60499954223633,36.018218994140625,254.63403,-37.90495,102.8,1.3554155422735255,0.3268968827065791
SB85795_component_476a,263.661171,-36.136736,34.49300003051758,112.35504150390625,263.6604,-36.13598,257.8,0.5547658739832071,0.13379751757376873
SB85795_component_507a,258.846719,-33.751508,32.05799865722656,65.69261932373047,258.84671,-33.75147,67.6,1.9663073045984245,0.4742307493672569
SB85795_component_519a,255.143895,-37.954217,31.31800079345703,55.825313568115234,255.14511,-37.9531,215.2,0.6034113097715428,0.14552974346401967
SB85795_component_525a,261.87403,-35.420154,29.538000106811523,31.727174758911133,261.87311,-35.42183,257.0,0.47655128674684194,0.11493385255568686
SB85795_component_528a,260.297238,-33.032934,30.93400001525879,52.60884475708008,260.29712,-33.03173,117.2,1.0943850504698518,0.26394197965237876
SB85795_component_530a,264.209509,-37.21896,30.881999969482422,94.15243530273438,264.20831,-37.21926,169.6,0.7549900922667776,0.18208726397100486
SB85795_component_543a,263.708213,-38.498461,29.190000534057617,84.36416625976562,263.70715,-38.49817,267.6,0.4522823874230897,0.10908071948452024
SB85795_component_545a,254.495626,-37.104981,29.694000244140625,30.39303970336914,254.49625,-37.10541,152.7,0.8062901473071502,0.19445972654970942
SB85795_component_548a,258.518841,-33.146182,33.45600128173828,53.9612922668457,258.51935,-33.14607,140.9,0.9845204037754708,0.237445005548178
SB85795_component_553a,261.456883,-36.873486,28.937999725341797,69.39568328857422,261.45572,-36.87268,234.7,0.5112309058819716,0.12329782584295611
SB85795_component_574a,263.948714,-39.316235,27.7810001373291,38.16071701049805,263.94775,-39.31649,136.1,0.8463527965431374,0.20412197014936886
SB85795_component_594a,262.363652,-38.212459,28.042999267578125,101.2382583618164,262.36343,-38.21238,142.2,0.8176859705041815,0.19720815237396713
SB85795_component_599a,263.379379,-36.021468,27.625,89.40129852294922,263.37845,-36.02131,167.1,0.6854685266885551,0.16532016756433274
SB85795_component_615a,261.217809,-41.106852,25.954999923706055,39.62595748901367,261.21957,-41.10665,157.8,0.681986401648416,0.16448035439610934
SB85795_component_616a,259.506411,-33.283296,26.906999588012695,51.94401550292969,259.50632,-33.28358,150.5,0.7412939476257283,0.178784050418689
SB85795_component_623a,264.229944,-36.095737,27.562999725341797,83.52423858642578,264.22931,-36.09571,202.0,0.5657659331798304,0.13645049368981088
SB85795_component_631a,263.844748,-37.811168,24.82900047302246,80.61363983154297,263.84338,-37.81165,154.1,0.6680643240286063,0.16112265070098936
SB85795_component_633a,257.194003,-35.240931,25.51300048828125,67.31661987304688,257.19263,-35.24078,155.5,0.6802880248750407,0.16407074268991156
SB85795_component_637a,264.027842,-34.029012,24.875999450683594,14.231121063232422,264.02768,-34.02897,166.5,0.6194809887378107,0.14940540210620776
SB85795_component_638a,264.581202,-36.865485,25.038000106811523,67.30644989013672,264.58023,-36.86624,97.0,1.070260715781719,0.2581237124413559
SB85795_component_644a,260.023954,-32.986124,27.097000122070312,42.67244338989258,260.02402,-32.98575,155.8,0.7211331198604644,0.17392169526360918
SB85795_component_655a,265.882779,-36.248851,24.795000076293945,24.720836639404297,265.88251,-36.24901,179.1,0.5740242109217387,0.13844221148126157
SB85795_component_668a,258.27391,-33.411173,24.797000885009766,41.60570526123047,258.2739,-33.41181,77.0,1.3352731447741348,0.32203897253259434
SB85795_component_669a,258.430465,-34.450598,24.280000686645508,66.70330047607422,258.43149,-34.45121,232.7,0.43262737208618735,0.10434035533582084
SB85795_component_683a,258.379987,-34.628921,22.70199966430664,68.1741714477539,258.37982,-34.62825,162.8,0.5781910895327086,0.13944717238517593
SB85795_component_688a,255.810406,-34.773844,24.094999313354492,19.017364501953125,255.81082,-34.77246,109.0,0.9165625375595806,0.22105503957205958
SB85795_component_689a,263.233579,-35.270802,25.37299919128418,70.87429809570312,263.23221,-35.27044,151.3,0.6953357515305798,0.16769992856103225
SB85795_component_700a,262.470925,-37.442391,23.288000106811523,74.64102172851562,262.47012,-37.44173,150.2,0.642871161012391,0.1550466052384256
SB85795_component_706a,264.731613,-36.948354,21.597999572753906,55.80878448486328,264.73123,-36.94855,105.0,0.8528760349819267,0.2056952340262277
SB85795_component_710a,254.197584,-37.873787,22.400999069213867,13.107665061950684,254.19926,-37.874,145.9,0.6366104718878866,0.15353666257171944
SB85795_component_763a,266.055834,-36.365907,22.73699951171875,18.380760192871094,266.05566,-36.36578,108.4,0.8696921546511411,0.2097509180047855
SB85795_component_765a,257.998281,-33.027094,22.392000198364258,21.845853805541992,257.99847,-33.02666,88.7,1.046721034359899,0.2524464509398451
SB85795_component_794a,258.449975,-33.349983,20.709999084472656,36.59010696411133,258.44965,-33.35099,111.1,0.7729078227358228,0.18640863262351626
SB85795_component_807a,258.885964,-33.241068,20.297000885009766,37.10603332519531,258.88641,-33.2398,71.7,1.1737467347907495,0.28308229965146114
SB85795_component_835a,259.652008,-34.357203,18.88800048828125,37.927711486816406,259.651,-34.35617,80.7,0.9704521638116348,0.23405205066023854
SB85795_component_923a,259.334454,-34.416284,16.444000244140625,35.747825622558594,259.33496,-34.41643,149.5,0.45606628091546497,0.10999331266983696
SB85795_component_941a,260.075653,-40.668771,16.922000885009766,35.8516960144043,260.07532,-40.67012,97.0,0.7233386333728146,0.1744536173712347
SB85795_component_965a,261.086677,-38.656008,16.361000061035156,40.39752960205078,261.08658,-38.65587,126.1,0.5379679982281915,0.12974623363231685
SB85795_component_982a,262.65542,-40.294069,14.850000381469727,26.05263328552246,262.65454,-40.29426,114.4,0.538222838723425,0.1298076956422179
SB85795_component_1150a,263.69232,-37.831643,12.0600004196167,40.20000076293945,263.69147,-37.83198,149.7,0.33403133149632436,0.08056112504753975
SB85795_component_1324a,262.90018,-38.680099,10.302000045776367,38.87547302246094,262.89795,-38.68097,95.4,0.4477492374719064,0.10798742186348392
